iteration,node_id,radius,theta_rad,theta_deg,ring_type
0,0,5.0,0.0175532925199432,1.0057295779513082,outer
0,1,5.0,0.2617993877991494,14.999999999999998,outer
0,14,4.0,0.2617993877991494,14.999999999999998,middle
0,27,3.0,0.2617993877991494,14.999999999999998,inner
0,2,5.0,0.5235987755982987,29.999999999999996,outer
0,15,4.0,0.5235987755982988,30.0,middle
0,28,3.0,0.5235987755982988,30.0,inner
0,3,5.0,0.7853981633974483,45.0,outer
0,16,4.0,0.7853981633974483,45.0,middle
0,29,3.0,0.7853981633974483,45.0,inner
0,4,5.0,1.0471975511965976,59.99999999999999,outer
0,17,4.0,1.0471975511965976,59.99999999999999,middle
0,30,3.0,1.0471975511965976,59.99999999999999,inner
0,5,5.0,1.308996938995747,74.99999999999999,outer
0,18,4.0,1.308996938995747,74.99999999999999,middle
0,31,3.0,1.308996938995747,74.99999999999999,inner
0,6,5.0,1.5707963267948966,90.0,outer
0,19,4.0,1.5707963267948966,90.0,middle
0,32,3.0,1.5707963267948966,90.0,inner
0,7,5.0,1.832595714594046,105.0,outer
0,20,4.0,1.832595714594046,105.0,middle
0,33,3.0,1.832595714594046,105.0,inner
0,8,5.0,2.0943951023931957,120.0,outer
0,21,4.0,2.0943951023931957,120.0,middle
0,34,3.0,2.0943951023931957,120.0,inner
0,9,5.0,2.356194490192345,135.0,outer
0,22,4.0,2.356194490192345,135.0,middle
0,35,3.0,2.356194490192345,135.0,inner
0,10,5.0,2.617993877991494,149.99999999999997,outer
0,23,4.0,2.617993877991494,149.99999999999997,middle
0,36,3.0,2.617993877991494,149.99999999999997,inner
0,11,5.0,2.8797932657906435,165.0,outer
0,24,4.0,2.8797932657906435,165.0,middle
0,37,3.0,2.8797932657906435,165.0,inner
0,12,5.0,3.12403936106985,178.9942704220487,outer
1,0,5.0,0.0174545768014828,1.000073583911922,outer
1,1,5.0,0.2607325595847301,14.938875245848294,outer
1,14,4.0,0.2607325602937095,14.938875286469823,middle
1,27,3.0,0.2607325609940468,14.938875326596197,inner
1,2,5.0,0.5195380888357156,29.76733978657934,outer
1,15,4.0,0.5195380895648283,29.767339828354416,middle
1,28,3.0,0.5195380902778314,29.767339869206484,inner
1,3,5.0,0.7808829407676602,44.74129679975118,outer
1,16,4.0,0.7808829414982672,44.74129684161188,middle
1,29,3.0,0.7808829422030071,44.7412968819905,inner
1,4,5.0,1.0438267811788509,59.806869104273865,outer
1,17,4.0,1.0438267819026352,59.80686914574365,middle
1,30,3.0,1.043826782608384,59.80686918618009,inner
1,5,5.0,1.3078180411000582,74.93245412610017,outer
1,18,4.0,1.307818041806335,74.93245416656684,middle
1,31,3.0,1.3078180425026698,74.93245420646389,inner
1,6,5.0,1.570796319561191,89.9999995855392,outer
1,19,4.0,1.5707963195611971,89.99999958553956,middle
1,32,3.0,1.570796319561198,89.9999995855396,inner
1,7,5.0,1.833774596655226,105.06754496664932,outer
1,20,4.0,1.833774597316116,105.0675450045155,middle
1,33,3.0,1.8337745979867304,105.06754504293887,inner
1,8,5.0,2.097765856576154,120.1931299884596,outer
1,21,4.0,2.09776585721996,120.19313002534696,middle
1,34,3.0,2.097765857881153,120.19313006323054,inner
1,9,5.0,2.3607096969872043,135.25870229297425,outer
1,22,4.0,2.360709697624445,135.25870232948543,middle
1,35,3.0,2.36070969828655,135.25870236742125,inner
1,10,5.0,2.6220545489191585,150.23265930614664,outer
1,23,4.0,2.622054549557782,150.2326593427371,middle
1,36,3.0,2.6220545502118218,150.23265938021078,inner
1,11,5.0,2.880860078170514,165.06112384689885,outer
1,24,4.0,2.880860078828744,165.06112388461267,middle
1,37,3.0,2.880860079495391,165.06112392280872,inner
1,12,5.0,3.1241380623209056,178.99992558716684,outer
2,0,5.0,0.0174534013937329,1.0000062380086443,outer
2,1,5.0,0.2550546906110465,14.613557317027947,outer
2,14,4.0,0.2550546912645337,14.613557354470007,middle
2,27,3.0,0.2550546918648242,14.61355738886412,inner
2,2,5.0,0.5153025455239355,29.524661030869478,outer
2,15,4.0,0.5153025461695303,29.52466106785933,middle
2,28,3.0,0.5153025467843616,29.52466110308657,inner
2,3,5.0,0.7748038294184194,44.3929893762496,outer
2,16,4.0,0.7748038300762865,44.392989413942615,middle
2,29,3.0,0.7748038307057455,44.39298945000796,inner
2,4,5.0,1.0391272390896291,59.53760517691738,outer
2,17,4.0,1.03912723974369,59.53760521439229,middle
2,30,3.0,1.039127240370486,59.537605250305056,inner
2,5,5.0,1.3055792980633716,74.80418359868372,outer
2,18,4.0,1.3055792986935526,74.80418363479043,middle
2,31,3.0,1.3055792993110238,74.80418367016892,inner
2,6,5.0,1.5707963203601705,89.99999963131735,outer
2,19,4.0,1.5707963203602409,89.99999963132139,middle
2,32,3.0,1.5707963203602404,89.99999963132136,inner
2,7,5.0,1.836013341441376,105.19581559430262,outer
2,20,4.0,1.83601334202698,105.19581562785524,middle
2,33,3.0,1.8360133426249896,105.19581566211868,inner
2,8,5.0,2.102465400414676,120.46239401604362,outer
2,21,4.0,2.1024654009771315,120.46239404826994,middle
2,34,3.0,2.1024654015656976,120.4623940819923,inner
2,9,5.0,2.3667888100857644,135.60700981670442,outer
2,22,4.0,2.366788810644574,135.60700984872184,middle
2,35,3.0,2.366788811230484,135.60700988229203,inner
2,10,5.0,2.62629009398057,150.475338162103,outer
2,23,4.0,2.626290094551221,150.47533819479892,middle
2,36,3.0,2.6262900951516968,150.4753382292036,inner
2,11,5.0,2.8865379488932983,165.3864418759353,outer
2,24,4.0,2.88653794945639,165.3864419081981,middle
2,37,3.0,2.88653795007123,165.3864419434258,inner
2,12,5.0,3.1241392393267886,178.9999930246364,outer
3,0,5.0,0.0174534580258861,1.0000094827920103,outer
3,1,5.0,0.2465839422052438,14.128219184058285,outer
3,14,4.0,0.246583943145705,14.12821923794274,middle
3,27,3.0,0.2465839440086385,14.128219287385193,inner
3,2,5.0,0.5089240877327659,29.15920231963312,outer
3,15,4.0,0.5089240886618963,29.15920237286837,middle
3,28,3.0,0.5089240895465977,29.15920242355803,inner
3,3,5.0,0.7657212728993613,43.87259722051854,outer
3,16,4.0,0.7657212738466018,43.87259727479143,middle
3,29,3.0,0.7657212747521377,43.872597326674814,inner
3,4,5.0,1.0320153768228442,59.130125484552245,outer
3,17,4.0,1.0320153777639225,59.13012553847205,middle
3,30,3.0,1.0320153786655175,59.13012559012965,inner
3,5,5.0,1.302186509576286,74.60979113759315,outer
3,18,4.0,1.3021865104827757,74.60979118953118,middle
3,31,3.0,1.302186511371293,74.60979124043946,inner
3,6,5.0,1.5707963175391682,89.99999946968583,outer
3,19,4.0,1.5707963175392616,89.99999946969118,middle
3,32,3.0,1.5707963175392616,89.99999946969118,inner
3,7,5.0,1.8394061237535912,105.39020770159918,outer
3,20,4.0,1.839406124595813,105.39020774985497,middle
3,33,3.0,1.839406125455581,105.390207799116,inner
3,8,5.0,2.109577256506383,120.86987335460284,outer
3,21,4.0,2.1095772573150926,120.86987340093847,middle
3,34,3.0,2.109577258161601,120.86987344943982,inner
3,9,5.0,2.3758713604296617,136.12740161862484,outer
3,22,4.0,2.3758713612324813,136.12740166462302,middle
3,35,3.0,2.3758713620750544,136.1274017128989,inner
3,10,5.0,2.6326685455967427,150.8407965195381,outer
3,23,4.0,2.6326685464170256,150.84079656653682,middle
3,36,3.0,2.63266854728035,150.84079661600168,inner
3,11,5.0,2.89500869112404,165.87177965510003,outer
3,24,4.0,2.895008691933441,165.87177970147533,middle
3,37,3.0,2.895008692818277,165.87177975217267,inner
3,12,5.0,3.124139177052579,178.999989456587,outer
4,0,5.0,0.0174535213997753,1.000013113848393,outer
4,1,5.0,0.233772900827055,13.394200581920606,outer
4,14,4.0,0.2337729019629545,13.394200647002856,middle
4,27,3.0,0.2337729030041032,13.394200706656282,inner
4,2,5.0,0.4994216959822027,28.61475537704592,outer
4,15,4.0,0.499421697107107,28.614755441498183,middle
4,28,3.0,0.4994216981780605,28.6147555028593,inner
4,3,5.0,0.7521858602702323,43.09707520290138,outer
4,16,4.0,0.7521858614162328,43.09707526856237,middle
4,29,3.0,0.7521858625115868,43.097075331321534,inner
4,4,5.0,1.021286492353305,58.5154056855642,outer
4,17,4.0,1.0212864934927284,58.51540575084835,middle
4,30,3.0,1.0212864945836666,58.515405813354505,inner
4,5,5.0,1.2971306208572189,74.3201100523028,outer
4,18,4.0,1.2971306219519971,74.32011011502897,middle
4,31,3.0,1.297130623025896,74.32011017655883,inner
4,6,5.0,1.5707963156043458,89.99999935882867,outer
4,19,4.0,1.570796315604418,89.99999935883281,middle
4,32,3.0,1.5707963156044178,89.9999993588328,inner
4,7,5.0,1.8444620082371128,105.67988854421064,outer
4,20,4.0,1.8444620092569295,105.67988860264184,middle
4,33,3.0,1.8444620102971576,105.67988866224252,inner
4,8,5.0,2.1203061367401936,121.48459291090153,outer
4,21,4.0,2.120306137716742,121.4845929668536,middle
4,34,3.0,2.1203061387397013,121.48459302546486,inner
4,9,5.0,2.3894067688230445,136.90292339355162,outer
4,22,4.0,2.389406769793325,136.90292344914462,middle
4,35,3.0,2.3894067708118696,136.90292350750292,inner
4,10,5.0,2.642170933111657,151.38524321944047,outer
4,23,4.0,2.642170934102232,151.38524327619623,middle
4,36,3.0,2.642170935145096,151.38524333594796,inner
4,11,5.0,2.9078197282665745,166.60579801455262,outer
4,24,4.0,2.907819729246604,166.60579807070417,middle
4,37,3.0,2.907819730319036,166.60579813214997,inner
4,12,5.0,3.12413910980904,178.999985603816,outer
5,0,5.0,0.017455025801668,1.0000993097275344,outer
5,1,5.0,0.2141172707029174,12.26801593213732,outer
5,14,4.0,0.2141172796074275,12.268016442328165,middle
5,27,3.0,0.2141172877494973,12.2680169088344,inner
5,2,5.0,0.4858362567613878,27.836367046861728,outer
5,15,4.0,0.4858362655633782,27.83636755117863,middle
5,28,3.0,0.4858362739464087,27.836368031490892,inner
5,3,5.0,0.73254035315905,41.97147055903638,outer
5,16,4.0,0.7325403621324446,41.97147107317402,middle
5,29,3.0,0.7325403707079455,41.97147156451403,inner
5,4,5.0,1.0053619822857214,57.60299846787807,outer
5,17,4.0,1.005361991206698,57.602998979012376,middle
5,30,3.0,1.0053619997524703,57.60299946864907,inner
5,5,5.0,1.289462598688749,73.88076474483671,outer
5,18,4.0,1.289462607276148,73.88076523685844,middle
5,31,3.0,1.2894626156910436,73.88076571899644,inner
5,6,5.0,1.5707962391809418,89.99999498009016,outer
5,19,4.0,1.5707962391821413,89.99999498015889,middle
5,32,3.0,1.5707962391821333,89.99999498015843,inner
5,7,5.0,1.8521298631246568,106.1192242671857,outer
5,20,4.0,1.85212987108854,106.11922472348256,middle
5,33,3.0,1.852129879220384,106.11922518940293,inner
5,8,5.0,2.136230479521637,122.39699054379784,outer
5,21,4.0,2.1362304871621545,122.39699098156724,middle
5,34,3.0,2.136230495161423,122.39699143989156,inner
5,9,5.0,2.409052108646044,138.0285184525098,outer
5,22,4.0,2.409052116236956,138.02851888743697,middle
5,35,3.0,2.4090521242065592,138.02851934406164,inner
5,10,5.0,2.655756205049012,152.16362196498844,outer
5,23,4.0,2.6557562128045986,152.1636224093508,middle
5,36,3.0,2.6557562209658485,152.163622876956,inner
5,11,5.0,2.9274751911050805,167.73197307957523,outer
5,24,4.0,2.927475198762754,167.7319735183276,middle
5,37,3.0,2.927475207161964,167.7319739995669,inner
5,12,5.0,3.124137452562383,178.99989065057696,outer
6,0,5.0,0.0174534196894975,1.0000072862787417,outer
6,1,5.0,0.1935988432296907,11.092396635676147,outer
6,14,4.0,0.193598844104721,11.092396685811693,middle
6,27,3.0,0.1935988449054307,11.09239673168898,inner
6,2,5.0,0.4721470640207693,27.052034077883164,outer
6,15,4.0,0.4721470648846182,27.052034127378057,middle
6,28,3.0,0.4721470657071334,27.05203417450471,inner
6,3,5.0,0.7137761190088443,40.89635913643435,outer
6,16,4.0,0.713776119888996,40.89635918686333,middle
6,29,3.0,0.7137761207296289,40.89635923502805,inner
6,4,5.0,0.9895208879387176,56.69537061892621,outer
6,17,4.0,0.989520888814554,56.69537066910793,middle
6,30,3.0,0.9895208896531558,56.69537071715627,inner
6,5,5.0,1.2818607338500756,73.44520997315183,outer
6,18,4.0,1.2818607346915185,73.44521002136295,middle
6,31,3.0,1.2818607355158198,73.44521006859195,inner
6,6,5.0,1.5707963182156994,89.99999950844821,outer
6,19,4.0,1.5707963182157436,89.99999950845074,middle
6,32,3.0,1.5707963182157432,89.99999950845071,inner
6,7,5.0,1.85973190096026,106.55478895086448,outer
6,20,4.0,1.859731901740057,106.55478899554362,middle
6,33,3.0,1.8597319025365944,106.5547890411818,inner
6,8,5.0,2.1520717468709463,123.30462830505164,outer
6,21,4.0,2.152071747617449,123.30462834782313,middle
6,34,3.0,2.152071748399525,123.30462839263276,inner
6,9,5.0,2.4278165158006693,139.1036397875349,outer
6,22,4.0,2.4278165165430696,139.1036398300713,middle
6,35,3.0,2.4278165173230994,139.10363987476373,inner
6,10,5.0,2.669445570789206,152.94796484611257,outer
6,23,4.0,2.6694455715472767,152.9479648895468,middle
6,36,3.0,2.669445572345362,152.9479649352737,inner
6,11,5.0,2.947993791580036,168.9076022883053,outer
6,24,4.0,2.9479937923274093,168.90760233112664,middle
6,37,3.0,2.9479937931470435,168.90760237808823,inner
6,12,5.0,3.1241392167419764,178.999991730622,outer
7,0,5.0,0.0174533312760237,1.0000022205598431,outer
7,1,5.0,0.1720545685006747,9.85800062103318,outer
7,14,4.0,0.1720545688884707,9.858000643252254,middle
7,27,3.0,0.1720545692437071,9.8580006636058,inner
7,2,5.0,0.4584759857846303,26.268738993559246,outer
7,15,4.0,0.4584759861666443,26.268739015447032,middle
7,28,3.0,0.4584759865303494,26.2687390362858,inner
7,3,5.0,0.6957892570759071,39.865787860992526,outer
7,16,4.0,0.695789257465619,39.865787883321374,middle
7,29,3.0,0.6957892578374942,39.865787904628256,inner
7,4,5.0,0.9739855217359332,55.80525970231648,outer
7,17,4.0,0.9739855221236224,55.80525972452944,middle
7,30,3.0,0.9739855224948464,55.805259745799,inner
7,5,5.0,1.2745594273394478,73.02687592516148,outer
7,18,4.0,1.2745594277118186,73.02687594649674,middle
7,31,3.0,1.2745594280763857,73.0268759673849,inner
7,6,5.0,1.5707963230015576,89.99999978265768,outer
7,19,4.0,1.570796323001585,89.99999978265924,middle
7,32,3.0,1.570796323001585,89.99999978265924,inner
7,7,5.0,1.8670332179469624,106.97312359908976,outer
7,20,4.0,1.867033218291387,106.9731236188238,middle
7,33,3.0,1.86703321864342,106.9731236389938,inner
7,8,5.0,2.1676071235501766,124.19473982191752,outer
7,21,4.0,2.167607123879774,124.19473984080204,middle
7,34,3.0,2.1676071242250834,124.19473986058682,inner
7,9,5.0,2.4458033882101327,140.13421166323744,outer
7,22,4.0,2.44580338853781,140.134211682012,middle
7,35,3.0,2.445803388882453,140.1342117017586,inner
7,10,5.0,2.6831166595016294,153.73126053068333,outer
7,23,4.0,2.683116659836703,153.73126054988165,middle
7,36,3.0,2.683116660189491,153.73126057009492,inner
7,11,5.0,2.969538076785881,170.14199890322638,outer
7,24,4.0,2.969538077115139,170.14199892209146,middle
7,37,3.0,2.969538077476168,170.1419989427769,inner
7,12,5.0,3.1241393147266283,178.999997344729,outer
8,0,5.0,0.0174532940241156,1.00000008618273,outer
8,1,5.0,0.149527139432627,8.567274012153717,outer
8,14,4.0,0.1495271394535935,8.567274013355005,middle
8,27,3.0,0.1495271394727945,8.567274014455142,inner
8,2,5.0,0.4447159116925873,25.480344822297877,outer
8,15,4.0,0.4447159117131591,25.48034482347655,middle
8,28,3.0,0.444715911732761,25.48034482459965,inner
8,3,5.0,0.6787345554568737,38.88862543736698,outer
8,16,4.0,0.6787345554778813,38.88862543857063,middle
8,29,3.0,0.6787345554978912,38.88862543971711,inner
8,4,5.0,0.9587289957084344,54.9311251509093,outer
8,17,4.0,0.9587289957293308,54.93112515210659,middle
8,30,3.0,0.9587289957493352,54.93112515325274,inner
8,5,5.0,1.267574479018922,72.62666786627835,outer
8,18,4.0,1.267574479038975,72.62666786742729,middle
8,31,3.0,1.267574479058596,72.62666786855151,inner
8,6,5.0,1.5707963265908316,89.99999998830793,outer
8,19,4.0,1.5707963265908322,89.99999998830798,middle
8,32,3.0,1.5707963265908322,89.99999998830798,inner
8,7,5.0,1.8740181741241808,107.37333210812818,outer
8,20,4.0,1.874018174142692,107.3733321091888,middle
8,33,3.0,1.874018174161624,107.37333211027352,inner
8,8,5.0,2.1828636574346514,125.06887482349624,outer
8,21,4.0,2.1828636574523466,125.0688748245101,middle
8,34,3.0,2.182863657470892,125.06887482557266,inner
8,9,5.0,2.462858097686209,141.11137453703842,outer
8,22,4.0,2.4628580977037986,141.1113745380462,middle
8,35,3.0,2.4628580977223367,141.11137453910837,inner
8,10,5.0,2.696876741450507,154.51965515210816,outer
8,23,4.0,2.696876741468514,154.51965515313992,middle
8,36,3.0,2.696876741487461,154.51965515422546,inner
8,11,5.0,2.9920655137104823,171.4327259622532,outer
8,24,4.0,2.992065513728092,171.43272596326213,middle
8,37,3.0,2.9920655137474057,171.43272596436876,inner
8,12,5.0,3.124139359157545,178.999999890433,outer
9,0,5.0,0.0174532937294533,1.00000006929982,outer
9,1,5.0,0.1262604568476969,7.23419129676669,outer
9,14,4.0,0.1262604568710801,7.234191298106446,middle
9,27,3.0,0.1262604568924655,7.2341912993317425,inner
9,2,5.0,0.4307868779278158,24.682269974881244,outer
9,15,4.0,0.4307868779506534,24.682269976189744,middle
9,28,3.0,0.4307868779724124,24.68226997743644,inner
9,3,5.0,0.6624975258553407,37.95831216937016,outer
9,16,4.0,0.6624975258786842,37.95831217070764,middle
9,29,3.0,0.6624975259008726,37.95831217197895,inner
9,4,5.0,0.9437310656979396,54.07180705987536,outer
9,17,4.0,0.9437310657211524,54.07180706120534,middle
9,30,3.0,0.9437310657433642,54.071807062478,inner
9,5,5.0,1.2608436769841358,72.24102131694703,outer
9,18,4.0,1.260843677006397,72.24102131822251,middle
9,31,3.0,1.2608436770281646,72.2410213194697,inner
9,6,5.0,1.5707963265685756,89.99999998703277,outer
9,19,4.0,1.5707963265685765,89.99999998703281,middle
9,32,3.0,1.5707963265685765,89.99999998703281,inner
9,7,5.0,1.8807489761102496,107.7589786546682,outer
9,20,4.0,1.8807489761307576,107.75897865584324,middle
9,33,3.0,1.8807489761517475,107.75897865704584,inner
9,8,5.0,2.197861587396426,125.92819291173872,outer
9,21,4.0,2.1978615874160146,125.92819291286108,middle
9,34,3.0,2.1978615874365564,125.92819291403804,inner
9,9,5.0,2.479095127239021,142.04168780224373,outer
9,22,4.0,2.4790951272584865,142.041687803359,middle
9,35,3.0,2.479095127279048,142.0416878045371,inner
9,10,5.0,2.7108057751665595,155.31772999673342,outer
9,23,4.0,2.7108057751865102,155.31772999787648,middle
9,36,3.0,2.7108057752075023,155.31772999907926,inner
9,11,5.0,3.015332196246694,172.76580867484884,outer
9,24,4.0,3.0153321962660984,172.76580867596064,middle
9,37,3.0,3.015332196287425,172.76580867718258,inner
9,12,5.0,3.1241393594076934,178.99999990476545,outer
10,0,5.0,0.0174532955122473,1.0000001714463933,outer
10,1,5.0,0.1026070868660176,5.878953025555032,outer
10,14,4.0,0.1026070869381926,5.878953029690353,middle
10,27,3.0,0.1026070870042219,5.8789530334735565,inner
10,2,5.0,0.4167173831108892,23.87614730199017,outer
10,15,4.0,0.4167173831812407,23.87614730602101,middle
10,28,3.0,0.4167173832482508,23.876147309860404,inner
10,3,5.0,0.6470300152512695,37.07208909218303,outer
10,16,4.0,0.6470300153231822,37.07208909630332,middle
10,29,3.0,0.6470300153913582,37.07208910020952,inner
10,4,5.0,0.928590038097048,53.204290080853184,outer
10,17,4.0,0.9285900381685224,53.204290084948354,middle
10,30,3.0,0.9285900382369316,53.20429008886792,inner
10,5,5.0,1.2542624867415737,71.86394689187553,outer
10,18,4.0,1.2542624868100936,71.86394689580145,middle
10,31,3.0,1.254262486877037,71.86394689963701,inner
10,6,5.0,1.5707963260991418,89.9999999601362,outer
10,19,4.0,1.5707963260991422,89.99999996013621,middle
10,32,3.0,1.5707963260991422,89.99999996013621,inner
10,7,5.0,1.887330165325231,108.13605302086364,outer
10,20,4.0,1.8873301653882004,108.13605302447152,middle
10,33,3.0,1.8873301654527064,108.13605302816744,inner
10,8,5.0,2.213002613969693,126.79570983188238,outer
10,21,4.0,2.213002614029808,126.79570983532672,middle
10,34,3.0,2.2130026140928387,126.7957098389381,inner
10,9,5.0,2.494562636815459,142.9279108205518,outer
10,22,4.0,2.494562636875161,142.92791082397247,middle
10,35,3.0,2.494562636938412,142.9279108275965,inner
10,10,5.0,2.724875268955882,156.1238526107471,outer
10,23,4.0,2.7248752690170788,156.12385261425342,middle
10,36,3.0,2.7248752690815,156.12385261794446,inner
10,11,5.0,3.038985565200826,174.1210468871864,outer
10,24,4.0,3.038985565260184,174.1210468905873,middle
10,37,3.0,3.038985565325437,174.12104689432607,inner
10,12,5.0,3.1241393566860016,178.999999748824,outer
11,0,5.0,0.0174533312915322,1.0000022214484148,outer
11,1,5.0,0.0789339515667169,4.522582285062932,outer
11,14,4.0,0.0789339525594075,4.5225823419399145,middle
11,27,3.0,0.0789339534759882,4.522582394456122,inner
11,2,5.0,0.4021892841127154,23.04374854504656,outer
11,15,4.0,0.4021892850841019,23.043748600702912,middle
11,28,3.0,0.4021892860081799,23.04374865364868,inner
11,3,5.0,0.632346398429787,36.230779820324784,outer
11,16,4.0,0.6323463994197948,36.23077987704805,middle
11,29,3.0,0.6323464003552695,36.2307799306468,inner
11,4,5.0,0.9130888912015912,52.31613978613117,outer
11,17,4.0,0.9130888921847764,52.31613984246354,middle
11,30,3.0,0.9130888931266692,52.31613989643003,inner
11,5,5.0,1.2477923457260487,71.49323511883148,outer
11,18,4.0,1.247792346668334,71.49323517282045,middle
11,31,3.0,1.2477923475881072,71.49323522551957,inner
11,6,5.0,1.5707963172379589,89.9999994524278,outer
11,19,4.0,1.5707963172379755,89.99999945242875,middle
11,32,3.0,1.5707963172379755,89.99999945242875,inner
11,7,5.0,1.8938002869438737,108.50676368254824,outer
11,20,4.0,1.8938002878077629,108.5067637320454,middle
11,33,3.0,1.8938002886935847,108.50676378279933,inner
11,8,5.0,2.2285037414674105,127.68385901519576,outer
11,21,4.0,2.2285037422918315,127.6838590624316,middle
11,34,3.0,2.22850374315544,127.68385911191272,inner
11,9,5.0,2.509246234239034,143.7692189809918,outer
11,22,4.0,2.509246235057041,143.76921902786015,middle
11,35,3.0,2.5092462359268,143.7692190776937,inner
11,10,5.0,2.7394033485566385,156.95625025630056,outer
11,23,4.0,2.739403349392422,156.95625030418742,middle
11,36,3.0,2.7394033502736668,156.95625035467904,inner
11,11,5.0,3.0626586811035343,175.4774165163356,outer
11,24,4.0,3.062658681917793,175.4774165629892,middle
11,37,3.0,3.062658682804848,175.47741661381372,inner
11,12,5.0,3.124139303183855,178.9999966833768,outer
12,0,5.0,0.0174533514028413,1.000003373741542,outer
12,1,5.0,0.0562617533457192,3.2235610147157536,outer
12,14,4.0,0.0562617548536932,3.223561101116298,middle
12,27,3.0,0.0562617562672459,3.2235611821068986,inner
12,2,5.0,0.3867024222111112,22.15641672018269,outer
12,15,4.0,0.3867024237170787,22.156416806468275,middle
12,28,3.0,0.3867024251469862,22.156416888395945,inner
12,3,5.0,0.6183164831821902,35.426924889711245,outer
12,16,4.0,0.6183164847198832,35.426924977814565,middle
12,29,3.0,0.6183164861682141,35.426925060797814,inner
12,4,5.0,0.8969257027414288,51.39005730388932,outer
12,17,4.0,0.8969257042651583,51.39005739119259,middle
12,30,3.0,0.8969257057225726,51.39005747469628,inner
12,5,5.0,1.240224004013633,71.05960108079724,outer
12,18,4.0,1.2402240054698597,71.05960116423289,middle
12,31,3.0,1.24022400689612,71.05960124595158,inner
12,6,5.0,1.5707963120221775,89.99999915358556,outer
12,19,4.0,1.5707963120222177,89.99999915358785,middle
12,32,3.0,1.5707963120222177,89.99999915358785,inner
12,7,5.0,1.9013686172392408,108.94039706643376,outer
12,20,4.0,1.9013686185747063,108.9403971429503,middle
12,33,3.0,1.901368619939276,108.9403972211344,inner
12,8,5.0,2.244666918509967,128.609940843257,outer
12,21,4.0,2.2446669197802698,128.60994091604,middle
12,34,3.0,2.2446669211134758,128.60994099242703,inner
12,9,5.0,2.523276138068853,144.57307325741488,outer
12,22,4.0,2.52327613932607,144.57307332944808,middle
12,35,3.0,2.523276140667821,144.57307340632474,inner
12,10,5.0,2.754890199040812,157.84358142699384,outer
12,23,4.0,2.7548902003282327,157.8435815007576,middle
12,36,3.0,2.754890201688637,157.84358157870304,inner
12,11,5.0,3.0853308679108524,176.77643713272712,outer
12,24,4.0,3.0853308691921955,176.77643720614267,middle
12,37,3.0,3.0853308705644698,176.7764372847682,inner
12,12,5.0,3.124139272640316,178.99999493336094,outer
13,0,5.0,0.0174533455148437,1.0000030363841292,outer
13,1,5.0,0.0352646639955377,2.020516412891261,outer
13,14,4.0,0.0352646653952083,2.020516493086482,middle
13,27,3.0,0.0352646667241917,2.02051656923162,inner
13,2,5.0,0.3702835025851374,21.21568192144988,outer
13,15,4.0,0.3702835040142773,21.21568200333357,middle
13,28,3.0,0.3702835053675331,21.21568208086941,inner
13,3,5.0,0.6043298873744589,34.62555198017287,outer
13,16,4.0,0.604329888834852,34.62555206384723,middle
13,29,3.0,0.6043298902046043,34.62555214232825,inner
13,4,5.0,0.8797068628147029,50.40349044797657,outer
13,17,4.0,0.8797068642634057,50.40349053098113,middle
13,30,3.0,0.8797068656474462,50.40349061028081,inner
13,5,5.0,1.2320591093786768,70.59178707804524,outer
13,18,4.0,1.2320591107610768,70.59178715725092,middle
13,31,3.0,1.2320591121136797,70.59178723474936,inner
13,6,5.0,1.5707963127980222,89.99999919803817,outer
13,19,4.0,1.570796312798089,89.999999198042,middle
13,32,3.0,1.5707963127980888,89.99999919804199,inner
13,7,5.0,1.909533513571882,109.40821116645594,outer
13,20,4.0,1.9095335148352035,109.40821123883892,middle
13,33,3.0,1.9095335161273967,109.40821131287616,inner
13,8,5.0,2.2618857601343523,129.59650779643846,outer
13,21,4.0,2.2618857613337555,129.5965078651592,middle
13,34,3.0,2.2618857625943094,129.59650793738362,inner
13,9,5.0,2.537262735574306,145.37444626422553,outer
13,22,4.0,2.537262736762824,145.3744463323226,middle
13,35,3.0,2.5372627380370454,145.3744464053301,inner
13,10,5.0,2.7713091203645144,158.78431632299933,outer
13,23,4.0,2.7713091215827528,158.78431639279924,middle
13,36,3.0,2.771309122873746,158.7843164667677,inner
13,11,5.0,3.106327958969815,177.97948183245754,outer
13,24,4.0,3.106327960203751,177.97948190315688,middle
13,37,3.0,3.106327961511708,177.97948197809728,inner
13,12,5.0,3.1241392800689067,178.99999535898783,outer
14,0,5.0,0.017453292840422,1.00000001836208,outer
14,1,5.0,0.0349065855818492,2.00000003105217,outer
14,14,4.0,0.0349065856001013,2.0000000320979407,middle
14,27,3.0,0.0349065856195555,2.0000000332125825,inner
14,2,5.0,0.3504413025424255,20.07880760274819,outer
14,15,4.0,0.3504413025687026,20.078807604253758,middle
14,28,3.0,0.3504413025936353,20.078807605682293,inner
14,3,5.0,0.5871591899163898,33.6417434845295,outer
14,16,4.0,0.5871591899430159,33.64174348605506,middle
14,29,3.0,0.5871591899679955,33.64174348748629,inner
14,4,5.0,0.8581507963778979,49.16841881824404,outer
14,17,4.0,0.8581507964043773,49.1684188197612,middle
14,30,3.0,0.8581507964296515,49.16841882120931,inner
14,5,5.0,1.2212934630156242,69.97496097771197,outer
14,18,4.0,1.2212934630408947,69.97496097915986,middle
14,31,3.0,1.2212934630656005,69.97496098057539,inner
14,6,5.0,1.5707963265411122,89.99999998545923,outer
14,19,4.0,1.570796326541113,89.99999998545927,middle
14,32,3.0,1.570796326541113,89.99999998545927,inner
14,7,5.0,1.9202991900183357,110.02503899044112,outer
14,20,4.0,1.9202991900413344,110.02503899175883,middle
14,33,3.0,1.9202991900648805,110.02503899310796,inner
14,8,5.0,2.283441856656033,130.8315811499074,outer
14,21,4.0,2.2834418566778685,130.83158115115847,middle
14,34,3.0,2.2834418567008425,130.8315811524748,inner
14,9,5.0,2.554433463117537,146.35825648362172,outer
14,22,4.0,2.5544334631392376,146.35825648486505,middle
14,35,3.0,2.5544334631624954,146.35825648619763,inner
14,10,5.0,2.7911513504915115,159.9211923654036,outer
14,23,4.0,2.7911513505135424,159.92119236666588,middle
14,36,3.0,2.7911513505368526,159.92119236800144,inner
14,11,5.0,3.106686067456501,177.99999993735247,outer
14,24,4.0,3.106686067483151,177.9999999388794,middle
14,37,3.0,3.1066860675112697,177.99999994049048,inner
14,12,5.0,3.124139360236099,178.99999995222962,outer
15,0,5.0,0.017453312143752,1.0000011243614169,outer
15,1,5.0,0.0349066181821121,2.0000018989096504,outer
15,14,4.0,0.034906619393184,2.0000019682989563,middle
15,27,3.0,0.0349066206899459,2.000002042597939,inner
15,2,5.0,0.3301820160305189,18.918035989669622,outer
15,15,4.0,0.3301820177869142,18.918036090303666,middle
15,28,3.0,0.3301820194435237,18.9180361852204,inner
15,3,5.0,0.5691907407460214,32.612227182672044,outer
15,16,4.0,0.5691907425279681,32.61222728477007,middle
15,29,3.0,0.5691907441921611,32.612227380121304,inner
15,4,5.0,0.8376838350013764,47.995748311912095,outer
15,17,4.0,0.837683836762462,47.99574841281487,middle
15,30,3.0,0.8376838384413833,47.99574850900997,inner
15,5,5.0,1.2104749475006569,69.35510569810754,outer
15,18,4.0,1.2104749491831268,69.35510579450596,middle
15,31,3.0,1.2104749508255508,69.35510588860993,inner
15,6,5.0,1.5707963099486777,89.99999903478276,outer
15,19,4.0,1.5707963099487374,89.99999903478619,middle
15,32,3.0,1.5707963099487374,89.99999903478619,inner
15,7,5.0,1.9311176691918848,110.64489218783572,outer
15,20,4.0,1.9311176707145556,110.64489227507828,middle
15,33,3.0,1.9311176722759449,110.64489236453927,inner
15,8,5.0,2.30390878168925,132.00424957392138,outer
15,21,4.0,2.30390878313634,132.0042496568335,middle
15,34,3.0,2.3039087846609605,132.00424974418786,inner
15,9,5.0,2.572401875943984,147.38777070312582,outer
15,22,4.0,2.572401877371622,147.38777078492353,middle
15,35,3.0,2.5724018789101293,147.38777087307346,inner
15,10,5.0,2.811410600660308,161.08196189617533,outer
15,23,4.0,2.8114106021120686,161.0819619793551,middle
15,36,3.0,2.811410603658466,161.08196206795714,inner
15,11,5.0,3.1066859988203754,177.99999600479217,outer
15,24,4.0,3.106686000575864,177.99999610537424,middle
15,37,3.0,3.1066860024316125,177.99999621170082,inner
15,12,5.0,3.124139307355988,178.99999692242244,outer
16,0,5.0,0.0174532932624946,1.000000042545061,outer
16,1,5.0,0.0349065862990026,2.000000072142038,outer
16,14,4.0,0.0349065863488509,2.000000074998133,middle
16,27,3.0,0.0349065864025541,2.000000078075099,inner
16,2,5.0,0.3101210578528429,17.768627753100333,outer
16,15,4.0,0.3101210579275673,17.768627757381726,middle
16,28,3.0,0.3101210579971467,17.768627761368332,inner
16,3,5.0,0.5498503785507857,31.504106054630665,outer
16,16,4.0,0.5498503786264533,31.504106058966094,middle
16,29,3.0,0.549850378696815,31.50410606299753,inner
16,4,5.0,0.8178420961370295,46.85890041678432,outer
16,17,4.0,0.8178420962112085,46.85890042103446,middle
16,30,3.0,0.8178420962818788,46.85890042508357,inner
16,5,5.0,1.200522537239605,68.78487459416657,outer
16,18,4.0,1.2005225373102866,68.78487459821632,middle
16,31,3.0,1.2005225373793262,68.78487460217201,inner
16,6,5.0,1.5707963260862512,89.99999995939761,outer
16,19,4.0,1.5707963260862543,89.99999995939778,middle
16,32,3.0,1.5707963260862543,89.99999995939778,inner
16,7,5.0,1.941070114798048,111.21512531690236,outer
16,20,4.0,1.9410701148622276,111.21512532057956,middle
16,33,3.0,1.9410701149279936,111.2151253243477,inner
16,8,5.0,2.32375055590054,133.14109949427984,outer
16,21,4.0,2.3237505559613543,133.14109949776423,middle
16,34,3.0,2.3237505560254785,133.14109950143828,inner
16,9,5.0,2.591742273486734,148.49589385643063,outer
16,22,4.0,2.591742273546159,148.49589385983543,middle
16,35,3.0,2.59174227361055,148.49589386352477,inner
16,10,5.0,2.831471594184709,162.23137215796282,outer
16,23,4.0,2.831471594245026,162.2313721614187,middle
16,36,3.0,2.831471594310198,162.23137216515278,inner
16,11,5.0,3.106686065752746,177.99999983973456,outer
16,24,4.0,3.106686065826902,177.99999984398332,middle
16,37,3.0,3.1066860659056084,177.99999984849288,inner
16,12,5.0,3.124139358892033,178.99999987522028,outer
17,0,5.0,0.0174533026728297,1.0000005817175417,outer
17,1,5.0,0.0349066022369545,2.0000009853194145,outer
17,14,4.0,0.034906602965075,2.0000010270376483,middle
17,27,3.0,0.0349066037556686,2.000001072335322,inner
17,2,5.0,0.2905545531706866,16.647549614989813,outer
17,15,4.0,0.2905545543072317,16.647549680109055,middle
17,28,3.0,0.2905545553572851,16.64754974027268,inner
17,3,5.0,0.5292410121054131,30.32327633887228,outer
17,16,4.0,0.529241013254753,30.32327640472461,middle
17,29,3.0,0.529241014320194,30.32327646576988,inner
17,4,5.0,0.798543527397876,45.75317387738772,outer
17,17,4.0,0.7985435285172534,45.75317394152332,middle
17,30,3.0,0.7985435295837668,45.75317400263003,inner
17,5,5.0,1.191077389329798,68.24370748205783,outer
17,18,4.0,1.191077390396048,68.24370754314945,middle
17,31,3.0,1.1910773914375512,68.24370760282318,inner
17,6,5.0,1.570796316105467,89.9999993875408,outer
17,19,4.0,1.5707963161055598,89.99999938754611,middle
17,32,3.0,1.5707963161055596,89.99999938754611,inner
17,7,5.0,1.9505152408466453,111.75629117645606,outer
17,20,4.0,1.950515241815079,111.75629123194322,middle
17,33,3.0,1.9505152428073933,111.75629128879864,inner
17,8,5.0,2.343049102777329,134.24682478105524,outer
17,21,4.0,2.343049103694602,134.24682483361107,middle
17,34,3.0,2.343049104661743,134.24682488902417,inner
17,9,5.0,2.612351618068715,149.67672231950894,outer
17,22,4.0,2.612351618958082,149.6767223704659,middle
17,35,3.0,2.612351619925575,149.6767224258992,inner
17,10,5.0,2.851038077003906,163.352449043418,outer
17,23,4.0,2.851038077905372,163.3524490950682,middle
17,36,3.0,2.8510380788881005,163.3524491513744,inner
17,11,5.0,3.1066860281697344,177.99999768638656,outer
17,24,4.0,3.10668602929872,177.99999775107264,middle
17,37,3.0,3.106686030501101,177.99999781996405,inner
17,12,5.0,3.12413932924742,178.99999817670908,outer
18,0,5.0,0.0174533088619168,1.000000936326115,outer
18,1,5.0,0.0349066127913962,2.000001590044378,outer
18,14,4.0,0.0349066139823761,2.0000016582824998,middle
18,27,3.0,0.0349066152741865,2.000001732297782,inner
18,2,5.0,0.271580053074844,15.560390841127456,outer
18,15,4.0,0.2715800549268853,15.560390947241608,middle
18,28,3.0,0.27158005661745,15.56039104410383,inner
18,3,5.0,0.5074675778803567,29.07575045227085,outer
18,16,4.0,0.5074675797522716,29.07575055952368,middle
18,29,3.0,0.5074675814817745,29.07575065861689,inner
18,4,5.0,0.779733867031545,44.67545972432245,outer
18,17,4.0,0.779733868842233,44.67545982806723,middle
18,30,3.0,0.7797338705671474,44.675459926897545,inner
18,5,5.0,1.1820595710730126,67.72702455552799,outer
18,18,4.0,1.182059572794925,67.72702465418631,middle
18,31,3.0,1.1820595744774782,67.72702475058951,inner
18,6,5.0,1.570796309523075,89.99999901039752,outer
18,19,4.0,1.5707963095231376,89.99999901040111,middle
18,32,3.0,1.5707963095231374,89.9999990104011,inner
18,7,5.0,1.959533044684754,112.27297327685656,outer
18,20,4.0,1.959533046251534,112.27297336662645,middle
18,33,3.0,1.9595330478564643,112.2729734585822,inner
18,8,5.0,2.361858748724045,135.3245381079374,outer
18,21,4.0,2.3618587502054686,135.3245381928167,middle
18,34,3.0,2.3618587517677576,135.32453828232929,inner
18,9,5.0,2.634125037872844,150.9242473798521,outer
18,22,4.0,2.634125039297283,150.92424746146642,middle
18,35,3.0,2.634125040853758,150.9242475506459,inner
18,10,5.0,2.8700125626793027,164.4396069910497,outer
18,23,4.0,2.8700125641224696,164.43960707373705,middle
18,36,3.0,2.8700125657173183,164.43960716511515,inner
18,11,5.0,3.1066860033409447,177.9999962638017,outer
18,24,4.0,3.1066860051517384,177.99999636755254,middle
18,37,3.0,3.106686007088301,177.9999964785094,inner
18,12,5.0,3.124139309701702,178.99999705682194,outer
19,0,5.0,0.0174532926436917,1.0000000070902646,outer
19,1,5.0,0.0349065852520199,2.0000000121543438,outer
19,14,4.0,0.0349065852619151,2.000000012721301,middle
19,27,3.0,0.0349065852727242,2.0000000133406157,inner
19,2,5.0,0.2514007738043347,14.404203305311444,outer
19,15,4.0,0.2514007738201717,14.404203306218834,middle
19,28,3.0,0.2514007738345661,14.404203307043575,inner
19,3,5.0,0.4860857364099794,27.850661177800436,outer
19,16,4.0,0.4860857364258861,27.85066117871182,middle
19,29,3.0,0.4860857364405584,27.85066117955248,inner
19,4,5.0,0.7616395740064953,43.6387331007141,outer
19,17,4.0,0.7616395740218963,43.63873310159652,middle
19,30,3.0,0.7616395740365399,43.63873310243553,inner
19,5,5.0,1.1732591874340763,67.22279971492098,outer
19,18,4.0,1.173259187448699,67.22279971575878,middle
19,31,3.0,1.173259187462987,67.22279971657743,inner
19,6,5.0,1.570796326648266,89.99999999159868,outer
19,19,4.0,1.570796326648267,89.99999999159874,middle
19,32,3.0,1.570796326648267,89.99999999159874,inner
19,7,5.0,1.968333465834533,112.77720026667656,outer
19,20,4.0,1.9683334658478355,112.77720026743872,middle
19,33,3.0,1.968333465861461,112.77720026821945,inner
19,8,5.0,2.3799530792620955,136.36126688088237,outer
19,21,4.0,2.379953079274649,136.3612668816017,middle
19,34,3.0,2.3799530792879167,136.3612668823618,inner
19,9,5.0,2.655506916858591,152.14933880379488,outer
19,22,4.0,2.655506916870676,152.14933880448726,middle
19,35,3.0,2.6555069168839034,152.14933880524515,inner
19,10,5.0,2.89019187946424,165.5957966762841,outer
19,23,4.0,2.8901918794763914,165.5957966769803,middle
19,36,3.0,2.89019187948989,165.59579667775373,inner
19,11,5.0,3.10668606801999,177.99999996963805,outer
19,24,4.0,3.1066860680354083,177.99999997052143,middle
19,37,3.0,3.1066860680519404,177.99999997146864,inner
19,12,5.0,3.1241393606485213,178.99999997585965,outer
20,0,5.0,0.0174532934717872,1.0000000545366414,outer
20,1,5.0,0.0349065866548472,2.00000009253043,outer
20,14,4.0,0.0349065867316547,2.000000096931174,middle
20,27,3.0,0.0349065868158543,2.0000001017554583,inner
20,2,5.0,0.2294799116054399,13.14823041802691,outer
20,15,4.0,0.229479911734328,13.14823042541165,middle
20,28,3.0,0.2294799118494496,13.148230432007637,inner
20,3,5.0,0.4649198241105193,26.637943733497327,outer
20,16,4.0,0.4649198242375194,26.637943740773892,middle
20,29,3.0,0.4649198243544556,26.63794374747385,inner
20,4,5.0,0.7449189623291149,42.68071262072304,outer
20,17,4.0,0.7449189624510244,42.68071262770795,middle
20,30,3.0,0.7449189625672613,42.68071263436783,inner
20,5,5.0,1.1654399544190672,66.77479066413159,outer
20,18,4.0,1.165439954534955,66.77479067077147,middle
20,31,3.0,1.1654399546482588,66.7747906772633,inner
20,6,5.0,1.570796325632127,89.99999993337819,outer
20,19,4.0,1.5707963256321278,89.99999993337826,middle
20,32,3.0,1.5707963256321278,89.99999993337826,inner
20,7,5.0,1.9761526966236709,113.2252091899329,outer
20,20,4.0,1.976152696729316,113.22520919598593,middle
20,33,3.0,1.9761526968374692,113.22520920218268,inner
20,8,5.0,2.3966736887134745,137.31928723333294,outer
20,21,4.0,2.39667368881333,137.31928723905426,middle
20,34,3.0,2.3966736889185327,137.3192872450819,inner
20,9,5.0,2.676672826931863,153.36205612054678,outer
20,22,4.0,2.676672827026987,153.362056125997,middle
20,35,3.0,2.676672827131397,153.36205613197927,inner
20,10,5.0,2.9121127394368544,166.85176943601218,outer
20,23,4.0,2.912112739530273,166.85176944136467,middle
20,36,3.0,2.9121127396363904,166.85176944744472,inner
20,11,5.0,3.1066860644160217,177.99999976314584,outer
20,24,4.0,3.106686064539293,177.99999977020877,middle
20,37,3.0,3.106686064672398,177.99999977783511,inner
20,12,5.0,3.124139357755949,178.99999981012746,outer
21,0,5.0,0.0174532926495626,1.0000000074266393,outer
21,1,5.0,0.0349065852589697,2.000000012552541,outer
21,14,4.0,0.0349065852698464,2.000000013175727,middle
21,27,3.0,0.0349065852818328,2.0000000138625,inner
21,2,5.0,0.2070587135491459,11.863590397774336,outer
21,15,4.0,0.2070587135682262,11.863590398867558,middle
21,28,3.0,0.2070587135849856,11.8635903998278,inner
21,3,5.0,0.4436646425317009,25.42011153624682,outer
21,16,4.0,0.4436646425502604,25.42011153731021,middle
21,29,3.0,0.4436646425673328,25.420111538288378,inner
21,4,5.0,0.7288144857356342,41.75799408064938,outer
21,17,4.0,0.7288144857534012,41.75799408166736,middle
21,30,3.0,0.7288144857703451,41.75799408263817,inner
21,5,5.0,1.1579973705560334,66.34836202010757,outer
21,18,4.0,1.157997370572918,66.348362021075,middle
21,31,3.0,1.1579973705894326,66.3483620220212,inner
21,6,5.0,1.5707963266254066,89.99999999028894,outer
21,19,4.0,1.5707963266254066,89.99999999028894,middle
21,32,3.0,1.5707963266254066,89.99999999028894,inner
21,7,5.0,1.983595282662484,113.6516379586199,outer
21,20,4.0,1.9835952826778973,113.651637959503,middle
21,33,3.0,1.98359528269367,113.65163796040672,inner
21,8,5.0,2.412778167482861,138.24200589807683,outer
21,21,4.0,2.4127781674974265,138.24200589891134,middle
21,34,3.0,2.412778167512766,138.24200589979029,inner
21,9,5.0,2.697928010686762,154.5798884424775,outer
21,22,4.0,2.6979280107005903,154.57988844326982,middle
21,35,3.0,2.697928010715789,154.57988844414064,inner
21,10,5.0,2.9345339396692918,168.13640958094854,outer
21,23,4.0,2.93453393968265,168.1364095817139,middle
21,36,3.0,2.9345339396981363,168.13640958260123,inner
21,11,5.0,3.106686067963876,177.99999996642293,outer
21,24,4.0,3.106686067982,177.99999996746135,middle
21,37,3.0,3.106686068001674,177.99999996858858,inner
21,12,5.0,3.1241393605956262,178.999999972829,outer
22,0,5.0,0.0174532927389852,1.00000001255018,outer
22,1,5.0,0.0349065854091341,2.0000000211563287,outer
22,14,4.0,0.0349065854282717,2.0000000222528325,middle
22,27,3.0,0.0349065854495382,2.0000000234713093,inner
22,2,5.0,0.1843662915645789,10.563410391128764,outer
22,15,4.0,0.1843662916001122,10.563410393164675,middle
22,28,3.0,0.1843662916307214,10.56341039491845,inner
22,3,5.0,0.4220330760326561,24.180714071594974,outer
22,16,4.0,0.4220330760667429,24.180714073548,middle
22,29,3.0,0.422033076098094,24.18071407534429,inner
22,4,5.0,0.7133130343288372,40.86982633871278,outer
22,17,4.0,0.7133130343612735,40.86982634057124,middle
22,30,3.0,0.713313034392284,40.86982634234801,inner
22,5,5.0,1.151209619479067,65.95945253101203,outer
22,18,4.0,1.1512096195098884,65.95945253277796,middle
22,31,3.0,1.1512096195400796,65.95945253450779,inner
22,6,5.0,1.5707963264845808,89.99999998222022,outer
22,19,4.0,1.570796326484581,89.99999998222023,middle
22,32,3.0,1.570796326484581,89.99999998222023,inner
22,7,5.0,1.9903830334309565,114.04054743004004,outer
22,20,4.0,1.990383033459276,114.04054743166265,middle
22,33,3.0,1.9903830334882076,114.04054743332028,inner
22,8,5.0,2.4282796185811493,139.13017362233717,outer
22,21,4.0,2.4282796186079123,139.13017362387058,middle
22,34,3.0,2.4282796186360205,139.13017362548106,inner
22,9,5.0,2.7195595768772605,155.81928588945098,outer
22,22,4.0,2.7195595769024905,155.81928589089654,middle
22,35,3.0,2.7195595769302323,155.81928589248602,inner
22,10,5.0,2.9572263613452616,169.43658956991283,outer
22,23,4.0,2.957226361369194,169.43658957128406,middle
22,36,3.0,2.957226361397609,169.43658957291214,inner
22,11,5.0,3.106686067509296,177.99999994037742,outer
22,24,4.0,3.1066860675429067,177.99999994230316,middle
22,37,3.0,3.106686067579571,177.99999994440387,inner
22,12,5.0,3.124139360219245,178.99999995126396,outer
23,0,5.0,0.0174532946470207,1.0000001218725607,outer
23,1,5.0,0.0349065885969672,2.00000020380571,outer
23,14,4.0,0.0349065887865422,2.0000002146675557,middle
23,27,3.0,0.0349065889992636,2.0000002268555965,inner
23,2,5.0,0.1620563325408507,9.285143897959331,outer
23,15,4.0,0.1620563329179669,9.285143919566496,middle
23,28,3.0,0.1620563332349273,9.285143937726994,inner
23,3,5.0,0.3993223649768878,22.879486178358352,outer
23,16,4.0,0.3993223653329618,22.87948619875989,middle
23,29,3.0,0.3993223656600584,22.879486217501142,inner
23,4,5.0,0.6987531057292836,40.035603879946535,outer
23,17,4.0,0.6987531060648187,40.03560389917128,middle
23,30,3.0,0.698753106386511,40.03560391760289,inner
23,5,5.0,1.1445962124999272,65.58053222290495,outer
23,18,4.0,1.144596212820355,65.58053224126411,middle
23,31,3.0,1.1445962131342735,65.58053225925033,inner
23,6,5.0,1.5707963235690117,89.99999981517041,outer
23,19,4.0,1.5707963235690117,89.99999981517041,middle
23,32,3.0,1.5707963235690117,89.99999981517041,inner
23,7,5.0,1.9969964340231292,114.41946737220088,outer
23,20,4.0,1.9969964343177025,114.41946738907863,middle
23,33,3.0,1.9969964346186075,114.41946740631926,inner
23,8,5.0,2.442839540793434,139.96439571513986,outer
23,21,4.0,2.442839541073425,139.96439573118215,middle
23,34,3.0,2.442839541366528,139.9643957479757,inner
23,9,5.0,2.742270281544974,157.12051341667902,outer
23,22,4.0,2.7422702818058515,157.1205134316262,middle
23,35,3.0,2.7422702820932665,157.12051344809387,inner
23,10,5.0,2.9795363139800526,170.71485569702313,outer
23,23,4.0,2.9795363142219724,170.7148557108841,middle
23,36,3.0,2.979536314518212,170.71485572785738,inner
23,11,5.0,3.1066860580190507,177.9999993966264,outer
23,24,4.0,3.106686058374051,177.99999941696643,middle
23,37,3.0,3.106686058763897,177.99999943930297,inner
23,12,5.0,3.1241393523692267,178.999999501491,outer
24,0,5.0,0.0174532929718018,1.0000000258895865,outer
24,1,5.0,0.0349065857993481,2.000000043513944,outer
24,14,4.0,0.0349065858423696,2.000000045978894,middle
24,27,3.0,0.0349065858910121,2.0000000487659,inner
24,2,5.0,0.1409165277523429,8.073922303847384,outer
24,15,4.0,0.1409165278424323,8.073922309009127,middle
24,28,3.0,0.1409165279155222,8.073922313196872,inner
24,3,5.0,0.3757059169571142,21.526363379735237,outer
24,16,4.0,0.3757059170397379,21.52636338446922,middle
24,29,3.0,0.3757059171157112,21.526363388822173,inner
24,4,5.0,0.6839718835916273,39.18870223541349,outer
24,17,4.0,0.6839718836692241,39.18870223985946,middle
24,30,3.0,0.6839718837437544,39.18870224412973,inner
24,5,5.0,1.1378045759631927,65.19140011336322,outer
24,18,4.0,1.1378045760374755,65.19140011761931,middle
24,31,3.0,1.1378045761102735,65.19140012179032,inner
24,6,5.0,1.570796326046673,89.99999995712996,outer
24,19,4.0,1.5707963260466729,89.99999995712994,middle
24,32,3.0,1.5707963260466729,89.99999995712994,inner
24,7,5.0,2.003788075987481,114.80859979272216,outer
24,20,4.0,2.0037880760558817,114.80859979664125,middle
24,33,3.0,2.003788076125732,114.80859980064334,inner
24,8,5.0,2.4576207683589724,140.81129767066764,outer
24,21,4.0,2.457620768424173,140.8112976744034,middle
24,34,3.0,2.4576207684922853,140.81129767830592,inner
24,9,5.0,2.765886734993282,158.47363652633425,outer
24,22,4.0,2.765886735053793,158.4736365298013,middle
24,35,3.0,2.7658867351203984,158.47363653361748,inner
24,10,5.0,3.000676124197576,171.92607760219474,outer
24,23,4.0,3.000676124251511,171.926077605285,middle
24,36,3.0,3.0006761243206523,171.9260776092465,inner
24,11,5.0,3.1066860661740674,177.99999986387445,outer
24,24,4.0,3.10668606625659,177.99999986860263,middle
24,37,3.0,3.106686066347888,177.99999987383362,inner
24,12,5.0,3.124139359091469,178.9999998866471,outer
25,0,5.0,0.0174532987185137,1.000000355151924,outer
25,1,5.0,0.0349065954940005,2.00000059897661,outer
25,14,4.0,0.0349065961483164,2.00000063646615,middle
25,27,3.0,0.034906596908834,2.000000680040597,inner
25,2,5.0,0.1209613766717332,6.930576367382527,outer
25,15,4.0,0.1209613781706784,6.930576453265759,middle
25,28,3.0,0.1209613793483628,6.930576520742108,inner
25,3,5.0,0.3506371761311364,20.090030332699406,outer
25,16,4.0,0.3506371774952522,20.09003041085748,middle
25,29,3.0,0.3506371787418159,20.090030482280323,inner
25,4,5.0,0.669790150059845,38.3761487578632,outer
25,17,4.0,0.6697901513362039,38.37614883099318,middle
25,30,3.0,0.6697901525559916,38.376148900881866,inner
25,5,5.0,1.1313649872194207,64.82243885654513,outer
25,18,4.0,1.1313649884343484,64.82243892615536,middle
25,31,3.0,1.1313649896258229,64.8224389944218,inner
25,6,5.0,1.5707963145472406,89.999999298261,outer
25,19,4.0,1.5707963145473027,89.99999929826457,middle
25,32,3.0,1.570796314547302,89.99999929826453,inner
25,7,5.0,2.0102276395389524,115.17755960612774,outer
25,20,4.0,2.0102276406602373,115.17755967037264,middle
25,33,3.0,2.0102276418042715,115.17755973592097,inner
25,8,5.0,2.471802476697277,141.62384970473798,outer
25,21,4.0,2.471802477759139,141.6238497655782,middle
25,34,3.0,2.471802478874676,141.62384982949374,inner
25,9,5.0,2.790955450622039,159.90996812967566,outer
25,22,4.0,2.7909554516026462,159.90996818586032,middle
25,35,3.0,2.7909554526902225,159.90996824817384,inner
25,10,5.0,3.0206312500756254,173.06942209465927,outer
25,23,4.0,3.0206312509356392,173.06942214393442,middle
25,36,3.0,3.0206312520809986,173.0694222095587,inner
25,11,5.0,3.106686031680054,177.99999788751305,outer
25,24,4.0,3.106686033047179,177.99999796584356,middle
25,37,3.0,3.106686034561996,177.99999805263616,inner
25,12,5.0,3.124139329844574,178.99999821092348,outer
26,0,5.0,0.0174532987221283,1.0000003553590284,outer
26,1,5.0,0.0349065953243011,2.0000005892535486,outer
26,14,4.0,0.0349065959588174,2.000000625608653,middle
26,27,3.0,0.0349065966859047,2.0000006672676878,inner
26,2,5.0,0.099268541400157,5.687668460648684,outer
26,15,4.0,0.0992685428520732,5.687668543837352,middle
26,28,3.0,0.0992685439687487,5.687668607818147,inner
26,3,5.0,0.3268694613424281,18.728240586635746,outer
26,16,4.0,0.3268694626629271,18.72824066229477,middle
26,29,3.0,0.3268694638561272,18.728240730660097,inner
26,4,5.0,0.6558508131752255,37.57748358516347,outer
26,17,4.0,0.6558508143927333,37.57748365492152,middle
26,30,3.0,0.6558508155601963,37.57748372181223,inner
26,5,5.0,1.1250840945434704,64.46257021463855,outer
26,18,4.0,1.1250840957060395,64.46257028124886,middle
26,31,3.0,1.125084096845406,64.46257034652974,inner
26,6,5.0,1.570796315087281,89.99999932920304,outer
26,19,4.0,1.5707963150873108,89.99999932920474,middle
26,32,3.0,1.5707963150873108,89.99999932920474,inner
26,7,5.0,2.016508533397988,115.53742831582012,outer
26,20,4.0,2.0165085344686875,115.53742837716668,middle
26,33,3.0,2.016508535561976,115.5374284398075,inner
26,8,5.0,2.4857418147650443,142.4225149452271,outer
26,21,4.0,2.485741815782664,142.42251500353242,middle
26,34,3.0,2.485741816847745,142.42251506455707,inner
26,9,5.0,2.814723166593167,161.271757943487,outer
26,22,4.0,2.814723167515597,161.27175799633832,middle
26,35,3.0,2.8147231685533107,161.27175805579495,inner
26,10,5.0,3.04232408652755,174.31233006902207,outer
26,23,4.0,3.042324087334962,174.31233011528343,middle
26,36,3.0,3.0423240884401053,174.31233017860345,inner
26,11,5.0,3.106686033014729,177.99999796398433,outer
26,24,4.0,3.1066860343128537,177.99999803836138,middle
26,37,3.0,3.10668603576797,177.99999812173343,inner
26,12,5.0,3.1241393309354413,178.99999827342558,outer
27,0,5.0,0.0174532944607626,1.0000001112007575,outer
27,1,5.0,0.0349065884011072,2.0000001925837587,outer
27,14,4.0,0.0349065886159678,2.000000204894364,middle
27,27,3.0,0.0349065888571978,2.000000218715824,inner
27,2,5.0,0.0777453501007058,4.454480437537437,outer
27,15,4.0,0.0777453505129287,4.454480461156069,middle
27,28,3.0,0.0777453508250955,4.454480479041909,inner
27,3,5.0,0.3025296007596134,17.33366930130363,outer
27,16,4.0,0.3025296011429548,17.333669323267475,middle
27,29,3.0,0.3025296014869323,17.333669342975934,inner
27,4,5.0,0.6425741545352985,36.81678707905975,outer
27,17,4.0,0.642574154885626,36.81678709913204,middle
27,30,3.0,0.6425741552212343,36.81678711836098,inner
27,5,5.0,1.118977423494834,64.11268373667696,outer
27,18,4.0,1.1189774238292252,64.11268375583616,middle
27,31,3.0,1.1189774241569312,64.11268377461234,inner
27,6,5.0,1.5707963234283795,89.99999980711279,outer
27,19,4.0,1.5707963234284137,89.99999980711473,middle
27,32,3.0,1.5707963234284137,89.99999980711473,inner
27,7,5.0,2.0226152227197947,115.88731584075724,outer
27,20,4.0,2.0226152230275987,115.88731585839312,middle
27,33,3.0,2.0226152233418846,115.88731587640038,inner
27,8,5.0,2.499018491679013,143.18321249835628,outer
27,21,4.0,2.4990184919713907,143.1832125151083,middle
27,34,3.0,2.4990184922777376,143.18321253266066,inner
27,9,5.0,2.8390630454531007,162.6663302760209,outer
27,22,4.0,2.839063045715119,162.66633029103343,middle
27,35,3.0,2.8390630460125457,162.66633030807472,inner
27,10,5.0,3.063847296111383,175.54551913975124,outer
27,23,4.0,3.0638472963471943,175.54551915326223,middle
27,36,3.0,3.063847296672996,175.5455191719293,inner
27,11,5.0,3.1066860579171363,177.99999939078714,outer
27,24,4.0,3.1066860582648705,177.99999941071084,middle
27,37,3.0,3.1066860586473486,177.99999943262523,inner
27,12,5.0,3.1241393522678806,178.9999994956843,outer
28,0,5.0,0.0174532955966815,1.0000001762841153,outer
28,1,5.0,0.0349065906595022,2.000000321980258,outer
28,14,4.0,0.034906590952818,2.0000003387860184,middle
28,27,3.0,0.034906591251758,2.000000355914015,inner
28,2,5.0,0.0496052562414339,2.84217182429915,outer
28,15,4.0,0.049605256707972,2.842171851029815,middle
28,28,3.0,0.0496052571006518,2.842171873528707,inner
28,3,5.0,0.2836910649717964,16.254300708455563,outer
28,16,4.0,0.2836910654308924,16.254300734759823,middle
28,29,3.0,0.2836910658418454,16.254300758305693,inner
28,4,5.0,0.6324463806280652,36.23650837831256,outer
28,17,4.0,0.6324463810471344,36.23650840232346,middle
28,30,3.0,0.63244638144925,36.236508425362985,inner
28,5,5.0,1.114515155449729,63.85701461063634,outer
28,18,4.0,1.1145151558492774,63.85701463352878,middle
28,31,3.0,1.11451515624071,63.85701465595622,inner
28,6,5.0,1.570796322769297,89.99999976935013,outer
28,19,4.0,1.5707963227693322,89.99999976935216,middle
28,32,3.0,1.570796322769323,89.9999997693516,inner
28,7,5.0,2.027077489322106,116.14298488413188,outer
28,20,4.0,2.0270774896893786,116.14298490517504,middle
28,33,3.0,2.0270774900645203,116.14298492666909,inner
28,8,5.0,2.50914626414335,143.76349111643162,outer
28,21,4.0,2.509146264491744,143.7634911363931,middle
28,34,3.0,2.50914626485619,143.76349115727433,inner
28,9,5.0,2.857901579797704,163.7456987861789,outer
28,22,4.0,2.857901580109317,163.74569880403303,middle
28,35,3.0,2.857901580464197,163.74569882436614,inner
28,10,5.0,3.091987388529348,177.15782767040872,outer
28,23,4.0,3.0919873888330174,177.1578276878077,middle
28,36,3.0,3.091987389203282,177.1578277090223,inner
28,11,5.0,3.106686054205654,177.99999917813486,outer
28,24,4.0,3.106686054605746,177.99999920105844,middle
28,37,3.0,3.1066860550577045,177.99999922695378,inner
28,12,5.0,3.124139349827058,178.99999935583548,outer
29,0,5.0,0.0174532956745968,1.000000180748335,outer
29,1,5.0,0.0349065905548621,2.0000003159848223,outer
29,14,4.0,0.0349065908939107,2.000000335410877,middle
29,27,3.0,0.0349065912547774,2.000000356087015,inner
29,2,5.0,0.0422559273336522,2.421086295629768,outer
29,15,4.0,0.042255927832069,2.4210863241869465,middle
29,28,3.0,0.0422559282722378,2.42108634940676,inner
29,3,5.0,0.2690347725883442,15.414557011574011,outer
29,16,4.0,0.2690347731568759,15.41455704414848,middle
29,29,3.0,0.2690347736676187,15.414557073411888,inner
29,4,5.0,0.6261844802372076,35.8777279141851,outer
29,17,4.0,0.6261844807502124,35.87772794357811,middle
29,30,3.0,0.6261844812421121,35.87772797176189,inner
29,5,5.0,1.111469046304606,63.68248541268459,outer
29,18,4.0,1.111469046794776,63.68248544076927,middle
29,31,3.0,1.111469047274363,63.68248546824756,inner
29,6,5.0,1.570796321937026,89.99999972166452,outer
29,19,4.0,1.570796321937112,89.99999972166944,middle
29,32,3.0,1.5707963219371055,89.99999972166908,inner
29,7,5.0,2.0301235966311184,116.31751397688224,outer
29,20,4.0,2.0301235970794376,116.31751400256904,middle
29,33,3.0,2.030123597537964,116.31751402884066,inner
29,8,5.0,2.515408162698044,144.1222714753546,outer
29,21,4.0,2.5154081631242797,144.1222714997761,middle
29,34,3.0,2.5154081635704664,144.12227152534075,inner
29,9,5.0,2.8725578703440275,164.58544237780072,outer
29,22,4.0,2.872557870719443,164.58544239931044,middle
29,35,3.0,2.872557871146056,164.5854424237536,inner
29,10,5.0,3.0993367156363165,177.5789130958991,outer
29,23,4.0,3.099336716043199,177.57891311921176,middle
29,36,3.0,3.099336716503595,177.57891314559052,inner
29,11,5.0,3.106686052557961,177.99999908372902,outer
29,24,4.0,3.106686053012571,177.99999910977624,middle
29,37,3.0,3.1066860535295917,177.99999913939934,inner
29,12,5.0,3.124139348024475,178.99999925255509,outer
30,0,5.0,0.0174532949913359,1.0000001416003668,outer
30,1,5.0,0.0349065892401178,2.0000002406555213,outer
30,14,4.0,0.0349065895036703,2.0000002557559715,middle
30,27,3.0,0.0349065898707512,2.0000002767881586,inner
30,2,5.0,0.0385812590322041,2.210543310846284,outer
30,15,4.0,0.0385812593964208,2.210543331714367,middle
30,28,3.0,0.0385812598271093,2.210543356391,inner
30,3,5.0,0.2533128018673439,14.513754443632449,outer
30,16,4.0,0.2533128023569827,14.513754471686685,middle
30,29,3.0,0.2533128027978033,14.513754496943845,inner
30,4,5.0,0.6194499007951366,35.49186493535887,outer
30,17,4.0,0.6194499012354059,35.49186496058444,middle
30,30,3.0,0.6194499016580637,35.49186498480095,inner
30,5,5.0,1.1081117295884515,63.490125334360215,outer
30,18,4.0,1.1081117300102172,63.49012535852562,middle
30,31,3.0,1.108111730422625,63.49012538215482,inner
30,6,5.0,1.5707963225767787,89.99999975831965,outer
30,19,4.0,1.570796322576829,89.99999975832255,middle
30,32,3.0,1.5707963225768198,89.999999758322,inner
30,7,5.0,2.0334809147584334,116.50987413606016,outer
30,20,4.0,2.033480915143421,116.5098741581183,middle
30,33,3.0,2.033480915537432,116.50987418069346,inner
30,8,5.0,2.522142743551388,144.50813453504085,outer
30,21,4.0,2.522142743918452,144.50813455607206,middle
30,34,3.0,2.522142744302197,144.50813457805904,inner
30,9,5.0,2.888279842476623,165.48624502662074,outer
30,22,4.0,2.8882798427984504,165.4862450450601,middle
30,35,3.0,2.888279843163457,165.48624506597343,inner
30,10,5.0,3.1030113853532475,177.7894561617838,outer
30,23,4.0,3.103011385700074,177.78945618165548,middle
30,36,3.0,3.10301138614987,177.7894562074269,inner
30,11,5.0,3.10668605528301,177.99999923986283,outer
30,24,4.0,3.106686055624368,177.9999992594212,middle
30,37,3.0,3.106686056117633,177.9999992876832,inner
30,12,5.0,3.124139349991452,178.99999936525452,outer
31,0,5.0,0.0174532956605721,1.000000179944779,outer
31,1,5.0,0.0349065901887024,2.000000295005418,outer
31,14,4.0,0.0349065906565832,2.000000321813016,middle
31,27,3.0,0.0349065912757616,2.0000003572893204,inner
31,2,5.0,0.0367439274569648,2.105271966018951,outer
31,15,4.0,0.0367439279649627,2.105271995125084,middle
31,28,3.0,0.0367439286478696,2.105272034252768,inner
31,3,5.0,0.2373934686378965,13.601643836922744,outer
31,16,4.0,0.2373934693022963,13.60164387499005,middle
31,29,3.0,0.2373934699014225,13.601643909317453,inner
31,4,5.0,0.6125430273448582,35.096130237026955,outer
31,17,4.0,0.612543027943637,35.09613027133445,middle
31,30,3.0,0.6125430285184771,35.09613030427036,inner
31,5,5.0,1.1045334765507362,63.285106537269264,outer
31,18,4.0,1.1045334771258544,63.28510657022111,middle
31,31,3.0,1.1045334776872924,63.285106602389135,inner
31,6,5.0,1.5707963207221995,89.9999996520601,outer
31,19,4.0,1.570796320722213,89.99999965206088,middle
31,32,3.0,1.5707963207221924,89.99999965205969,inner
31,7,5.0,2.037059163796502,116.71489270398824,outer
31,20,4.0,2.037059164318478,116.71489273389524,middle
31,33,3.0,2.03705916485364,116.71489276455772,inner
31,8,5.0,2.5290496130019795,144.9038690042076,outer
31,21,4.0,2.5290496135009333,144.90386903279554,middle
31,34,3.0,2.529049614022697,144.9038690626904,inner
31,9,5.0,2.9041991717057005,166.39835540412614,outer
31,22,4.0,2.9041991721443035,166.3983554292562,middle
31,35,3.0,2.904199172641003,166.398355457715,inner
31,10,5.0,3.104848712787898,177.89472726937288,outer
31,23,4.0,3.104848713378538,177.89472730321404,middle
31,36,3.0,3.104848714094328,177.8947273442258,inner
31,11,5.0,3.1066860502500173,177.99999895149358,outer
31,24,4.0,3.106686050742328,177.9999989797009,middle
31,37,3.0,3.1066860514912014,177.9999990226082,inner
31,12,5.0,3.124139345526023,178.9999991094043,outer
32,0,5.0,0.0174532962709667,1.00000021491781,outer
32,1,5.0,0.0349065910919364,2.0000003467569125,outer
32,14,4.0,0.0349065917990655,2.000000387272429,middle
32,27,3.0,0.0349065926588466,2.0000004365342563,inner
32,2,5.0,0.035825262083732,2.052636317347902,outer
32,15,4.0,0.0358252627588615,2.0526363560299723,middle
32,28,3.0,0.0358252636749735,2.0526364085193207,inner
32,3,5.0,0.2214312519253818,12.687076187622464,outer
32,16,4.0,0.2214312527312091,12.687076233792965,middle
32,29,3.0,0.2214312534570276,12.6870762753793,inner
32,4,5.0,0.6055633096560178,34.69622187126359,outer
32,17,4.0,0.6055633103819351,34.69622191285559,middle
32,30,3.0,0.6055633110785106,34.69622195276642,inner
32,5,5.0,1.1009339036681125,63.07886620304517,outer
32,18,4.0,1.1009339043656905,63.07886624301345,middle
32,31,3.0,1.1009339050459013,63.07886628198667,inner
32,6,5.0,1.570796319042109,89.999999555798,outer
32,19,4.0,1.570796319042138,89.99999955579966,middle
32,32,3.0,1.5707963190421208,89.99999955579867,inner
32,7,5.0,2.040658733088433,116.92113283248078,outer
32,20,4.0,2.0406587337184985,116.92113286858086,middle
32,33,3.0,2.040658734365252,116.9211329056371,inner
32,8,5.0,2.5360293271000227,145.30377716423342,outer
32,21,4.0,2.5360293277025603,145.30377719875628,middle
32,34,3.0,2.53602932833294,145.30377723487436,inner
32,9,5.0,2.920161384826898,167.31292284765908,outer
32,22,4.0,2.9201613853556463,167.31292287795412,middle
32,35,3.0,2.920161385955856,167.31292291234362,inner
32,10,5.0,3.105767374360945,177.94736270030933,outer
32,23,4.0,3.105767375207812,177.9473627488312,middle
32,36,3.0,3.105767376166616,177.94736280376662,inner
32,11,5.0,3.106686045580629,177.99999868395733,outer
32,24,4.0,3.106686046243277,177.9999987219243,middle
32,37,3.0,3.1066860472206863,177.9999987779257,inner
32,12,5.0,3.124139341490304,178.9999988781747,outer
33,0,5.0,0.0174532961244586,1.0000002065235185,outer
33,1,5.0,0.0349065907863026,2.0000003292453896,outer
33,14,4.0,0.0349065916008168,2.0000003759136105,middle
33,27,3.0,0.0349065924652893,2.0000004254442403,inner
33,2,5.0,0.0353659279659232,2.026318411011089,outer
33,15,4.0,0.035365928679434,2.0263184518922457,middle
33,28,3.0,0.0353659295753839,2.0263185032263955,inner
33,3,5.0,0.2054703076529078,11.7725814437662,outer
33,16,4.0,0.2054703084456527,11.772581489187136,middle
33,29,3.0,0.205470309159787,11.772581530104016,inner
33,4,5.0,0.5985343189160014,34.29349036762412,outer
33,17,4.0,0.5985343196306068,34.29349040856798,middle
33,30,3.0,0.598534320316215,34.293490447850445,inner
33,5,5.0,1.09733665485307,62.87275902808481,outer
33,18,4.0,1.097336655540203,62.872759067454645,middle
33,31,3.0,1.0973366562099185,62.872759105826496,inner
33,6,5.0,1.570796318981902,89.99999955234838,outer
33,19,4.0,1.5707963189819332,89.99999955235018,middle
33,32,3.0,1.5707963189819223,89.99999955234955,inner
33,7,5.0,2.044255981804441,117.12724000176688,outer
33,20,4.0,2.0442559824236213,117.1272400372433,middle
33,33,3.0,2.0442559830595908,117.12724007368166,inner
33,8,5.0,2.543058317740996,145.70650866219813,outer
33,21,4.0,2.54305831833352,145.70650869614727,middle
33,34,3.0,2.5430583189535825,145.70650873167423,inner
33,9,5.0,2.936122329000537,168.22741758585252,outer
33,22,4.0,2.936122329520712,168.22741761565635,middle
33,35,3.0,2.9361223301113464,168.22741764949723,inner
33,10,5.0,3.106226708275485,177.97368059499968,outer
33,23,4.0,3.1062267092233995,177.97368064931118,middle
33,36,3.0,3.106226710179178,177.97368070407325,inner
33,11,5.0,3.10668604567853,177.99999868956667,outer
33,24,4.0,3.1066860463843606,177.99999873000775,middle
33,37,3.0,3.106686047332537,177.99999878433425,inner
33,12,5.0,3.124139341509762,178.9999988792895,outer
34,0,5.0,0.0174532944781766,1.0000001121985092,outer
34,1,5.0,0.0349065881573065,2.000000178615008,outer
34,14,4.0,0.0349065886089461,2.0000002044920517,middle
34,27,3.0,0.0349065890807503,2.000000231524441,inner
34,2,5.0,0.0351362568803651,2.0131592271324217,outer
34,15,4.0,0.0351362572690337,2.0131592494014963,middle
34,28,3.0,0.0351362577552869,2.0131592772617517,inner
34,3,5.0,0.1895423889072077,10.859978923210274,outer
34,16,4.0,0.189542389340748,10.859978948050305,middle
34,29,3.0,0.1895423897313093,10.859978970427818,inner
34,4,5.0,0.5914471898931377,33.88742778574935,outer
34,17,4.0,0.5914471902842037,33.88742780815578,middle
34,30,3.0,0.5914471906595007,33.88742782965871,inner
34,5,5.0,1.0936855119462787,62.66356394912655,outer
34,18,4.0,1.0936855123223663,62.66356397067478,middle
34,31,3.0,1.0936855126889404,62.66356399167793,inner
34,6,5.0,1.570796322520272,89.99999975508204,outer
34,19,4.0,1.5707963225202866,89.99999975508288,middle
34,32,3.0,1.5707963225202812,89.99999975508258,inner
34,7,5.0,2.0479071323792546,117.33643552007048,outer
34,20,4.0,2.0479071327181906,117.33643553949008,middle
34,33,3.0,2.047907133066312,117.33643555943596,inner
34,8,5.0,2.550145454432113,146.11257168343147,outer
34,21,4.0,2.55014545475652,146.11257170201864,middle
34,34,3.0,2.550145455095911,146.1125717214643,inner
34,9,5.0,2.9520502554161245,169.14002054586064,outer
34,22,4.0,2.95205025570119,169.14002056219363,middle
34,35,3.0,2.95205025602482,169.1400205807363,inner
34,10,5.0,3.106456387217316,177.98684022900963,outer
34,23,4.0,3.106456387741943,177.98684025906854,middle
34,36,3.0,3.106456388263324,177.98684028894144,inner
34,11,5.0,3.106686056062952,177.9999992845502,outer
34,24,4.0,3.1066860564478844,177.99999930660522,middle
34,37,3.0,3.106686056962281,177.99999933607796,inner
34,12,5.0,3.1241393503808026,178.9999993875627,outer
35,0,5.0,0.0174532935855172,1.0000000610528883,outer
35,1,5.0,0.034906586733387,2.000000097030428,outer
35,14,4.0,0.0349065869839859,2.0000001113886867,middle
35,27,3.0,0.0349065872407129,2.0000001260980635,inner
35,2,5.0,0.0350214211612621,2.0065796250904686,outer
35,15,4.0,0.0350214213711786,2.006579637117799,middle
35,28,3.0,0.035021421632888,2.0065796521126438,inner
35,3,5.0,0.1736627927900048,9.95014508532222,outer
35,16,4.0,0.1736627930272754,9.95014509891682,middle
35,29,3.0,0.173662793241051,9.950145111165265,inner
35,4,5.0,0.5842625239748862,33.47577675142205,outer
35,17,4.0,0.5842625241891841,33.47577676370042,middle
35,30,3.0,0.584262524394922,33.475776775488335,inner
35,5,5.0,1.090009167949184,62.45292495405476,outer
35,18,4.0,1.0900091681553428,62.45292496586679,middle
35,31,3.0,1.0900091683562954,62.452924977380526,inner
35,6,5.0,1.5707963244591894,89.99999986617384,outer
35,19,4.0,1.5707963244591965,89.99999986617425,middle
35,32,3.0,1.5707963244591938,89.9999998661741,inner
35,7,5.0,2.051583480577217,117.54707475583425,outer
35,20,4.0,2.0515834807630444,117.54707476648136,middle
35,33,3.0,2.051583480953896,117.54707477741636,inner
35,8,5.0,2.5573301245513584,146.52422295845798,outer
35,21,4.0,2.557330124729294,146.52422296865294,middle
35,34,3.0,2.5573301249153566,146.52422297931355,inner
35,9,5.0,2.967929855735256,170.04985462450142,outer
35,22,4.0,2.9679298558918616,170.0498546334743,middle
35,35,3.0,2.9679298560695697,170.04985464365623,inner
35,10,5.0,3.106571227243612,177.99342007783554,outer
35,23,4.0,3.1065712275342694,177.99342009448898,middle
35,36,3.0,3.106571227817951,177.99342011074276,inner
35,11,5.0,3.10668606173902,177.99999960976496,outer
35,24,4.0,3.106686061947279,177.99999962169733,middle
35,37,3.0,3.1066860622242096,177.99999963756426,inner
35,12,5.0,3.124139355232562,178.99999966554805,outer
36,0,5.0,0.0174532931839188,1.0000000380429983,outer
36,1,5.0,0.0349065860938504,2.0000000603876824,outer
36,14,4.0,0.0349065862539712,2.0000000695619287,middle
36,27,3.0,0.0349065864096908,2.000000078484,inner
36,2,5.0,0.034964003388566,2.003289829045945,outer
36,15,4.0,0.0349640035103845,2.003289836025631,middle
36,28,3.0,0.0349640036618832,2.0032898447058662,inner
36,3,5.0,0.1578416810896782,9.043662157688464,outer
36,16,4.0,0.1578416812371232,9.043662166136436,middle
36,29,3.0,0.1578416813700666,9.043662173753534,inner
36,4,5.0,0.5769328923514111,33.055819794011306,outer
36,17,4.0,0.5769328924852546,33.055819801679974,middle
36,30,3.0,0.5769328926140005,33.05581980905657,inner
36,5,5.0,1.0863656291052743,62.24416555580677,outer
36,18,4.0,1.08636562923419,62.244165563193086,middle
36,31,3.0,1.0863656293599182,62.24416557039679,inner
36,6,5.0,1.5707963253545034,89.99999991747156,outer
36,19,4.0,1.5707963253545083,89.99999991747183,middle
36,32,3.0,1.570796325354507,89.99999991747175,inner
36,7,5.0,2.055227021358508,117.75583426508602,outer
36,20,4.0,2.055227021474855,117.7558342717522,middle
36,33,3.0,2.055227021594334,117.75583427859785,inner
36,8,5.0,2.5646597581122754,146.94418002687598,outer
36,21,4.0,2.564659758223845,146.94418003326842,middle
36,34,3.0,2.564659758340307,146.94418003994122,inner
36,9,5.0,2.9837509693734408,170.9563376631663,outer
36,22,4.0,2.9837509694723137,170.9563376688313,middle
36,35,3.0,2.983750969584212,170.95633767524262,inner
36,10,5.0,3.1066286470137503,177.99670998832508,outer
36,23,4.0,3.1066286471987867,177.9967099989269,middle
36,36,3.0,3.106628647370365,177.99671000875762,inner
36,11,5.0,3.106686064350939,177.99999975941688,outer
36,24,4.0,3.106686064472822,177.99999976640026,middle
36,37,3.0,3.1066860646341468,177.9999997756435,inner
36,12,5.0,3.1241393574614404,178.99999979325338,outer
37,0,5.0,0.0174532928771066,1.0000000204639514,outer
37,1,5.0,0.0349065856079353,2.000000032546798,outer
37,14,4.0,0.0349065856927901,2.0000000374086158,middle
37,27,3.0,0.0349065857743166,2.000000042079744,inner
37,2,5.0,0.0349352942656338,2.001644917468408,outer
37,15,4.0,0.0349352943283954,2.0016449210643783,middle
37,28,3.0,0.0349352944064259,2.001644925535202,inner
37,3,5.0,0.1420064041716492,8.136367622864466,outer
37,16,4.0,0.1420064042491029,8.136367627302239,middle
37,29,3.0,0.1420064043189651,8.136367631305049,inner
37,4,5.0,0.5696069383448243,32.63607354852693,outer
37,17,4.0,0.5696069384152914,32.6360735525644,middle
37,30,3.0,0.5696069384831083,32.63607355645002,inner
37,5,5.0,1.08277629086185,62.03851162321366,outer
37,18,4.0,1.0827762909297505,62.03851162710405,middle
37,31,3.0,1.0827762909959808,62.03851163089878,inner
37,6,5.0,1.570796326038646,89.99999995667002,outer
37,19,4.0,1.5707963260386486,89.99999995667018,middle
37,32,3.0,1.570796326038648,89.99999995667015,inner
37,7,5.0,2.0588163610862447,117.96148828272396,outer
37,20,4.0,2.05881636114756,117.96148828623704,middle
37,33,3.0,2.0588163612105137,117.96148828984404,inner
37,8,5.0,2.5719857136032203,147.36392635740782,outer
37,21,4.0,2.5719857136620465,147.3639263607783,middle
37,34,3.0,2.5719857137234152,147.36392636429446,inner
37,9,5.0,2.999586247776179,171.86363228305788,outer
37,22,4.0,2.99958624782842,171.86363228605106,middle
37,35,3.0,2.999586247887493,171.8636322894357,inner
37,10,5.0,3.106657357653046,177.99835498678385,outer
37,23,4.0,3.106657357750777,177.9983549923834,middle
37,36,3.0,3.1066573578406063,177.99835499753027,inner
37,11,5.0,3.106686066332998,177.9999998729805,outer
37,24,4.0,3.106686066395953,177.99999987658757,middle
37,37,3.0,3.106686066479176,177.99999988135588,inner
37,12,5.0,3.124139359167085,178.9999998909796,outer
38,0,5.0,0.0174532927027716,1.0000000104752933,outer
38,1,5.0,0.0349159224734208,2.0005349955329974,outer
38,14,4.0,0.0349159225161174,2.0005349979793325,middle
38,27,3.0,0.0349159225571004,2.0005350003274867,inner
38,2,5.0,0.0349302768028228,2.0013574380254693,outer
38,15,4.0,0.0349302768342701,2.0013574398272707,middle
38,28,3.0,0.0349302768733695,2.0013574420675004,inner
38,3,5.0,0.1258011371216228,7.207874215015539,outer
38,16,4.0,0.1258011371605074,7.20787421724346,middle
38,29,3.0,0.1258011371955822,7.207874219253101,inner
38,4,5.0,0.5631298871503099,32.26496585139108,outer
38,17,4.0,0.5631298871856918,32.26496585341832,middle
38,30,3.0,0.5631298872197448,32.26496585536941,inner
38,5,5.0,1.0792060239473005,61.83395039727477,outer
38,18,4.0,1.0792060239813954,61.83395039922826,middle
38,31,3.0,1.079206024014653,61.83395040113378,inner
38,6,5.0,1.5707963264150453,89.99999997823612,outer
38,19,4.0,1.5707963264150466,89.9999999782362,middle
38,32,3.0,1.5707963264150462,89.99999997823618,inner
38,7,5.0,2.0623866288179133,118.16604955548031,outer
38,20,4.0,2.0623866288487043,118.1660495572445,middle
38,33,3.0,2.0623866288803177,118.16604955905582,inner
38,8,5.0,2.578462765614879,147.73503410136257,outer
38,21,4.0,2.5784627656444217,147.73503410305526,middle
38,34,3.0,2.578462765675241,147.73503410482104,inner
38,9,5.0,3.015791515643457,172.79212573773188,outer
38,22,4.0,3.015791515669699,172.79212573923542,middle
38,35,3.0,3.01579151569937,172.79212574093546,inner
38,10,5.0,3.1066623759478618,177.99864251389715,outer
38,23,4.0,3.1066623759969696,177.99864251671082,middle
38,36,3.0,3.106662376042077,177.99864251929532,inner
38,11,5.0,3.1066767302883487,177.99946495702474,outer
38,24,4.0,3.106676730319902,177.99946495883262,middle
38,37,3.0,3.1066767303616123,177.99946496122243,inner
38,12,5.0,3.1241393601107825,178.9999999450495,outer
39,0,5.0,0.0174532926517128,1.0000000075498403,outer
39,1,5.0,0.0349196355865022,2.000747741241413,outer
39,14,4.0,0.0349196356092052,2.0007477425422,middle
39,27,3.0,0.0349196356310913,2.0007477437961807,inner
39,2,5.0,0.0349268127543772,2.001158962669511,outer
39,15,4.0,0.0349268127705051,2.0011589635935705,middle
39,28,3.0,0.0349268127905891,2.001158964744299,inner
39,3,5.0,0.109367199581672,6.266278953194749,outer
39,16,4.0,0.1093671996017432,6.266278954344747,middle
39,29,3.0,0.1093671996198667,6.266278955383148,inner
39,4,5.0,0.5571386930716793,31.921695716441786,outer
39,17,4.0,0.5571386930899689,31.921695717489698,middle
39,30,3.0,0.5571386931075824,31.92169571849888,inner
39,5,5.0,1.0758383740032134,61.64099826860111,outer
39,18,4.0,1.0758383740208477,61.64099826961149,middle
39,31,3.0,1.075838374038057,61.64099827059751,inner
39,6,5.0,1.570796326595814,89.99999998859342,outer
39,19,4.0,1.5707963265958145,89.99999998859343,middle
39,32,3.0,1.5707963265958145,89.99999998859343,inner
39,7,5.0,2.065754279154834,118.35900170666169,outer
39,20,4.0,2.0657542791707866,118.3590017075757,middle
39,33,3.0,2.065754279187158,118.3590017085137,inner
39,8,5.0,2.584453960086356,148.07830425882028,outer
39,21,4.0,2.5844539601016727,148.0783042596979,middle
39,34,3.0,2.5844539601176404,148.07830426061278,inner
39,9,5.0,3.0322254535762854,173.7337210220629,outer
39,22,4.0,3.032225453589932,173.7337210228448,middle
39,35,3.0,3.032225453605329,173.73372102372696,inner
39,10,5.0,3.1066658403970524,177.99884101221411,outer
39,23,4.0,3.106665840422932,177.99884101369688,middle
39,36,3.0,3.1066658404468246,177.99884101506584,inner
39,11,5.0,3.1066730175704067,177.99925223395616,outer
39,24,4.0,3.1066730175865978,177.9992522348838,middle
39,37,3.0,3.1066730176080064,177.99925223611046,inner
39,12,5.0,3.124139360531495,178.99999996915454,outer
