iteration,node_id,radius,theta_rad,theta_deg
0,0,5.0,0.008826646259971647,0.5057295779513082
0,1,5.0,0.19634954084936204,11.249999999999998
0,18,4.0,0.19634954084936207,11.25
0,35,3.0,0.19634954084936207,11.25
0,2,5.0,0.39269908169872414,22.5
0,19,4.0,0.3926990816987242,22.500000000000004
0,36,3.0,0.3926990816987242,22.500000000000004
0,3,5.0,0.5890486225480862,33.75
0,20,4.0,0.5890486225480862,33.75
0,37,3.0,0.5890486225480862,33.75
0,4,5.0,0.7853981633974483,45.0
0,21,4.0,0.7853981633974483,45.0
0,38,3.0,0.7853981633974483,45.0
0,39,3.0,0.9817477042468102,56.24999999999999
0,5,5.0,0.9817477042468103,56.25
0,22,4.0,0.9817477042468103,56.25
0,6,5.0,1.1780972450961724,67.5
0,23,4.0,1.1780972450961724,67.5
0,40,3.0,1.1780972450961724,67.5
0,7,5.0,1.3744467859455345,78.75
0,24,4.0,1.3744467859455345,78.75
0,41,3.0,1.3744467859455345,78.75
0,8,5.0,1.5707963267948966,90.0
0,25,4.0,1.5707963267948966,90.0
0,42,3.0,1.5707963267948966,90.0
0,9,5.0,1.7671458676442586,101.25
0,26,4.0,1.7671458676442586,101.25
0,43,3.0,1.7671458676442586,101.25
0,10,5.0,1.9634954084936207,112.5
0,27,4.0,1.9634954084936207,112.5
0,44,3.0,1.9634954084936207,112.5
0,11,5.0,2.1598449493429825,123.74999999999999
0,28,4.0,2.1598449493429825,123.74999999999999
0,45,3.0,2.1598449493429825,123.74999999999999
0,12,5.0,2.356194490192345,135.0
0,29,4.0,2.356194490192345,135.0
0,46,3.0,2.356194490192345,135.0
0,13,5.0,2.552544031041707,146.25
0,30,4.0,2.552544031041707,146.25
0,47,3.0,2.552544031041707,146.25
0,14,5.0,2.748893571891069,157.5
0,31,4.0,2.748893571891069,157.5
0,48,3.0,2.748893571891069,157.5
0,15,5.0,2.945243112740431,168.75
0,32,4.0,2.945243112740431,168.75
0,49,3.0,2.945243112740431,168.75
0,16,5.0,3.1327660073298214,179.4942704220487
1,0,5.0,0.008727429722452306,0.5000448890935486
1,1,5.0,0.19547264738758063,11.199757705557307
1,18,4.0,0.195472648048405,11.199757743419754
1,35,3.0,0.1954726486916632,11.199757780275734
1,2,5.0,0.38952001889685567,22.317853118645903
1,19,4.0,0.3895200195783966,22.31785315769532
1,36,3.0,0.38952002024335025,22.31785319579436
1,3,5.0,0.585824155035472,33.56525162035016
1,20,4.0,0.5858241557220917,33.56525165969057
1,37,3.0,0.5858241563837874,33.56525169760294
1,4,5.0,0.7819483121502832,44.8023380835895
1,21,4.0,0.7819483128351381,44.80233812282879
1,38,3.0,0.7819483134874728,44.80233816020482
1,39,3.0,0.9783861511866013,56.057397197040736
1,5,5.0,0.9783863537716811,56.0574088043108
1,22,4.0,0.9783863548616667,56.05740886676237
1,6,5.0,1.17577263351185,67.3668095672111
1,23,4.0,1.175772634179559,67.366809605468
1,40,3.0,1.1757726348302804,67.3668096427516
1,7,5.0,1.3735037391242755,78.69596739725863
1,24,4.0,1.373503739778136,78.69596743472208
1,41,3.0,1.3735037404210424,78.6959674715579
1,8,5.0,1.5707963190379164,89.99999955555778
1,25,4.0,1.5707963190416643,89.99999955577252
1,42,3.0,1.5707963190271184,89.9999995549391
1,9,5.0,1.7680888976699198,101.3040316404245
1,26,4.0,1.7680888982865501,101.30403167575481
1,43,3.0,1.768088898908102,101.30403171136712
1,10,5.0,1.9658200032782998,112.63318947024023
1,27,4.0,1.965820003879811,112.63318950470429
1,44,3.0,1.9658200044950889,112.63318953995712
1,11,5.0,2.1632062832507284,123.94259024644803
1,28,4.0,2.163206284239374,123.94259030309325
1,45,3.0,2.1632064868660206,123.94260191274492
1,12,5.0,2.3596443246401955,135.19766095388067
1,29,4.0,2.3596443252279182,135.1976609875547
1,46,3.0,2.3596443258422344,135.19766102275244
1,13,5.0,2.555768481754126,146.43474741706956
1,30,4.0,2.55576848233968,146.4347474506193
1,47,3.0,2.555768482947118,146.43474748542297
1,14,5.0,2.752072617891652,157.68214591871137
1,31,4.0,2.7520726184819315,157.68214595253187
1,48,3.0,2.7520726190874396,157.68214598722494
1,15,5.0,2.9461199894009105,168.800241331799
1,32,4.0,2.9461199900114563,168.80024136678068
1,49,3.0,2.9461199906389433,168.80024140273304
1,16,5.0,3.1328652083372996,179.49995422110064
2,0,5.0,0.008726661901887466,0.5000008962157599
2,1,5.0,0.188901247420148,10.823244221931011
2,18,4.0,0.18890124748709636,10.823244225766869
2,35,3.0,0.18890124755106688,10.82324422943211
2,2,5.0,0.38713528563796434,22.18121796764695
2,19,4.0,0.3871352857050709,22.181217971491872
2,36,3.0,0.3871352857686725,22.181217975135976
2,3,5.0,0.581592147802361,33.322775467024066
2,20,4.0,0.5815921478712873,33.32277547097325
2,37,3.0,0.5815921479366271,33.32277547471694
2,4,5.0,0.7772180686131915,44.53131509284511
2,21,4.0,0.7772180686818512,44.53131509677902
2,38,3.0,0.7772180687476,44.53131510054615
2,39,3.0,0.9742821689852315,55.82225633770543
2,5,5.0,0.9742821864916664,55.82225734075027
2,22,4.0,0.9742821866009573,55.82225734701218
2,6,5.0,1.1731209067409525,67.21487681481682
2,23,4.0,1.1731209068077662,67.21487681864497
2,40,3.0,1.1731209068729906,67.21487682238205
2,7,5.0,1.3724080907593177,78.63319137011614
2,24,4.0,1.372408090824532,78.63319137385264
2,41,3.0,1.3724080908890055,78.63319137754671
2,8,5.0,1.5707963260219935,89.99999995571592
2,25,4.0,1.570796326021989,89.99999995571567
2,42,3.0,1.570796326021989,89.99999995571567
2,9,5.0,1.7691845611567774,101.36680853398802
2,26,4.0,1.769184561219448,101.36680853757878
2,43,3.0,1.7691845612828523,101.36680854121158
2,10,5.0,1.968471745175128,112.7851230892865
2,27,4.0,1.9684717452362235,112.78512309278702
2,44,3.0,1.9684717452988738,112.78512309637662
2,11,5.0,2.1673104654479567,124.17774256470194
2,28,4.0,2.1673104655473763,124.17774257039828
2,45,3.0,2.167310483058747,124.1777435737259
2,12,5.0,2.364374583302857,135.4686848112564
2,29,4.0,2.3643745833621614,135.4686848146543
2,46,3.0,2.364374583424274,135.46868481821306
2,13,5.0,2.560000504113683,146.67722443707717
2,30,4.0,2.560000504172731,146.67722444046038
2,47,3.0,2.5600005042352456,146.6772244440422
2,14,5.0,2.754457366278114,157.81878193645625
2,31,4.0,2.754457366338926,157.81878193994052
2,48,3.0,2.754457366403189,157.81878194362253
2,15,5.0,2.952691404495936,169.1767556821725
2,32,4.0,2.9526914045568966,169.1767556856653
2,49,3.0,2.952691404620791,169.17675568932617
2,16,5.0,3.1328659901420903,179.49999901521554
3,0,5.0,0.00872689065996808,0.5000140030883086
3,1,5.0,0.18026288512127653,10.328302520300747
3,18,4.0,0.18026288610297292,10.328302576547808
3,35,3.0,0.18026288704184554,10.328302630341247
3,2,5.0,0.38384672721409574,21.992797449277084
3,19,4.0,0.3838467281993644,21.99279750572882
3,36,3.0,0.383846729132102,21.99279755917075
3,3,5.0,0.5759687588828665,33.000579015376395
3,20,4.0,0.5759687598958241,33.00057907341459
3,37,3.0,0.5759687608548383,33.000579128362055
3,4,5.0,0.7708701903670775,44.16760846047987
3,21,4.0,0.7708701913756155,44.16760851826484
3,38,3.0,0.7708701923408141,44.167608573566646
3,39,3.0,0.9687449190481233,55.50499528620006
3,5,5.0,0.9687451733199467,55.50500985490238
3,22,4.0,0.9687451749252546,55.50500994687975
3,6,5.0,1.1695802996099054,67.0120149692939
3,23,4.0,1.1695803005906789,67.01201502548808
3,40,3.0,1.1695803015479436,67.01201508033532
3,7,5.0,1.3708176902853966,78.54206813522485
3,24,4.0,1.3708176912443513,78.5420681901689
3,41,3.0,1.3708176921915662,78.54206824444033
3,8,5.0,1.5707963154498004,89.99999934997388
3,25,4.0,1.5707963154497264,89.99999934996963
3,42,3.0,1.570796315449729,89.99999934996978
3,9,5.0,1.770774938736982,101.45793045716597
3,26,4.0,1.7707749396551393,101.45793050977252
3,43,3.0,1.7707749405849098,101.45793056304444
3,10,5.0,1.972012329412268,112.98798362308517
3,27,4.0,1.9720123303089452,112.98798367446099
3,44,3.0,1.9720123312286175,112.98798372715433
3,11,5.0,2.172847456047753,124.49498875727389
3,28,4.0,2.1728474575059638,124.49498884082321
3,45,3.0,2.1728477118513423,124.49500341373994
3,12,5.0,2.3707224386546244,135.8323901318722
3,29,4.0,2.3707224395243434,135.83239018170343
3,46,3.0,2.370722440435903,135.83239023393193
3,13,5.0,2.5656238701387606,146.99941957697138
3,30,4.0,2.565623871004241,146.99941962655976
3,47,3.0,2.565623871921849,146.99941967913483
3,14,5.0,2.757745901808047,158.00720114310022
3,31,4.0,2.7577459027003526,158.0072011942256
3,48,3.0,2.757745903644405,158.0072012483158
3,15,5.0,2.9613297439009996,169.67169607208422
3,32,4.0,2.961329744796674,169.6716961234026
3,49,3.0,2.9613297457346093,169.6716961771423
3,16,5.0,3.1328657402394846,179.49998469685096
4,0,5.0,0.008726908647252002,0.5000150336837622
4,1,5.0,0.17160266327347154,9.832108358774535
4,18,4.0,0.1716026642530252,9.832108414898826
4,35,3.0,0.17160266519099543,9.83210846864056
4,2,5.0,0.38051495751622777,21.801901107279672
4,19,4.0,0.38051495850167616,21.801901163741707
4,36,3.0,0.38051495943443253,21.80190121718471
4,3,5.0,0.5704721097653699,32.68564421947953
4,20,4.0,0.5704721107804169,32.685644277637444
4,37,3.0,0.5704721117401655,32.685644332626985
4,4,5.0,0.7645054008372463,43.802932882931486
4,21,4.0,0.7645054018476973,43.80293294082607
4,38,3.0,0.7645054028141589,43.802932996200234
4,39,3.0,0.9631724399693623,55.1857157535621
4,5,5.0,0.9631726847592217,55.18572977898791
4,22,4.0,0.9631726863668637,55.185729871099014
4,6,5.0,1.1660513164651536,66.80981912912682
4,23,4.0,1.1660513174477714,66.80981918542668
4,40,3.0,1.1660513184062238,66.80981924034195
4,7,5.0,1.3691600815494989,78.4470941505739
4,24,4.0,1.3691600825107315,78.44709420564847
4,41,3.0,1.3691600834595339,78.44709426001084
4,8,5.0,1.5707963154372822,89.99999934925663
4,25,4.0,1.5707963154371785,89.99999934925069
4,42,3.0,1.5707963154371807,89.99999934925081
4,9,5.0,1.772432547445843,101.55290444026785
4,26,4.0,1.7724325483636647,101.55290449285515
4,43,3.0,1.7724325492937683,101.55290454614617
4,10,5.0,1.9755413125299905,113.1901794617036
4,27,4.0,1.97554131342676,113.1901795130847
4,44,3.0,1.9755413143471638,113.19017956581996
4,11,5.0,2.178419944582688,124.8142688317107
4,28,4.0,2.178419946039949,124.8142689152056
4,45,3.0,2.17842019090501,124.81428294494016
4,12,5.0,2.3770872281574245,136.19706570787181
4,29,4.0,2.3770872290271754,136.19706575770488
4,46,3.0,2.3770872299393875,136.19706580997075
4,13,5.0,2.5711205192292166,147.31435437131893
4,30,4.0,2.571120520094567,147.31435442089986
4,47,3.0,2.5711205210133463,147.31435447354204
4,14,5.0,2.7610776714789167,158.19809748355075
4,31,4.0,2.7610776723729322,158.19809753477406
4,48,3.0,2.7610776733188844,158.19809758897316
4,15,5.0,2.9699899657218674,170.16789023206704
4,32,4.0,2.9699899666214806,170.1678902836111
4,49,3.0,2.9699899675622516,170.16789033751328
4,16,5.0,3.132865722227092,179.49998366481688
5,0,5.0,0.008726932074611622,0.5000163759725936
5,1,5.0,0.16284593451042323,9.330384758311054
5,18,4.0,0.16284593546642037,9.330384813085654
5,35,3.0,0.16284593638156447,9.330384865519548
5,2,5.0,0.37730283798565395,21.61786021488625
5,19,4.0,0.37730283894818356,21.617860270035134
5,36,3.0,0.377302839857673,21.61786032214504
5,3,5.0,0.5650725346510423,32.376271354264695
5,20,4.0,0.5650725356432638,32.37627141111479
5,37,3.0,0.5650725365794869,32.37627146475643
5,4,5.0,0.758135192284561,43.437946818244484
5,21,4.0,0.7581351932715985,43.43794687479756
5,38,3.0,0.7581351942150101,43.43794692885106
5,39,3.0,0.9575863646045941,54.86565721111889
5,5,5.0,0.9575866037638392,54.86567091393426
5,22,4.0,0.9575866053343561,54.86567100391825
5,6,5.0,1.1625510769095995,66.60927017530882
5,23,4.0,1.1625510778695762,66.60927023031144
5,40,3.0,1.16255107880521,66.6092702839193
5,7,5.0,1.3674603931565599,78.34970917917113
5,24,4.0,1.3674603940955188,78.3497092329695
5,41,3.0,1.3674603950218502,78.34970928604439
5,8,5.0,1.5707963157112266,89.99999936495249
5,25,4.0,1.570796315711148,89.99999936494798
5,42,3.0,1.57079631571115,89.9999993649481
5,9,5.0,1.7741322364319452,101.65028944565637
5,26,4.0,1.774132237326822,101.65028949692903
5,43,3.0,1.774132238234174,101.65028954891648
5,10,5.0,1.9790415526787,113.3907284495069
5,27,4.0,1.9790415535529018,113.39072849959496
5,44,3.0,1.9790415544508997,113.39072855104645
5,11,5.0,2.184006026162475,125.13432773024827
5,28,4.0,2.1840060275839317,125.13432781169173
5,45,3.0,2.184006266817714,125.13434151877777
5,12,5.0,2.3834574373032607,136.56205180654385
5,29,4.0,2.383457438151217,136.56205185512817
5,46,3.0,2.3834574390412557,136.56205190612363
5,13,5.0,2.576520094936685,147.62372727051823
5,30,4.0,2.576520095779679,147.62372731881825
5,47,3.0,2.5765200966767456,147.62372737021636
5,14,5.0,2.7642897916026463,158.3821384099295
5,31,4.0,2.764289792474367,158.38213845987542
5,48,3.0,2.7642897933983717,158.382138512817
5,15,5.0,2.9787466950780686,170.66961386651568
5,32,4.0,2.978746695956023,170.66961391681878
5,49,3.0,2.9787466968744094,170.66961396943842
5,16,5.0,3.1328656993476702,179.49998235392258
6,0,5.0,0.00872676586343608,0.5000068527737271
6,1,5.0,0.1540050317309582,8.823838341962228
6,18,4.0,0.1540050320847358,8.823838362232191
6,35,3.0,0.15400503242352223,8.823838381643224
6,2,5.0,0.3741560185455039,21.43756074207593
6,19,4.0,0.3741560189023623,21.43756076252241
6,36,3.0,0.3741560192391738,21.437560781820288
6,3,5.0,0.5597965986634289,32.073982489193256
6,20,4.0,0.5597965990316053,32.07398251028821
6,37,3.0,0.5597965993782751,32.07398253015093
6,4,5.0,0.7517611217788985,43.0727394799512
6,21,4.0,0.7517611221450012,43.07273950092734
6,38,3.0,0.7517611224946866,43.072739520962834
6,39,3.0,0.9519777837211927,54.544309197442225
6,5,5.0,0.951977871387818,54.54431422036986
6,22,4.0,0.9519778719702969,54.544314253743444
6,6,5.0,1.159078338136609,66.41029690026502
6,23,4.0,1.1590783384926995,66.4102969206675
6,40,3.0,1.1590783388395167,66.41029694053867
6,7,5.0,1.3657191079524107,78.2499408860448
6,24,4.0,1.3657191083005966,78.24994090599438
6,41,3.0,1.3657191086439662,78.24994092566801
6,8,5.0,1.570796322687634,89.99999976467119
6,25,4.0,1.5707963226876092,89.99999976466977
6,42,3.0,1.57079632268761,89.99999976466982
6,9,5.0,1.775873536743251,101.75005860435901
6,26,4.0,1.7758735370746397,101.75005862334618
6,43,3.0,1.7758735374107866,101.75005864260598
6,10,5.0,1.982514306558973,113.58970259013421
6,27,4.0,1.9825143068825901,113.5897026086761
6,44,3.0,1.9825143072152687,113.58970262773718
6,11,5.0,2.1896147734329965,125.45568527720467
6,28,4.0,2.189614773959329,125.45568530736129
6,45,3.0,2.189614861654029,125.45569033189751
6,12,5.0,2.389831522916502,136.92726001043766
6,29,4.0,2.389831523230415,136.92726002842355
6,46,3.0,2.389831523560157,136.92726004731637
6,13,5.0,2.5817960460319336,147.9260170011934
6,30,4.0,2.581796046343864,147.9260170190657
6,47,3.0,2.581796046676555,147.92601703812747
6,14,5.0,2.7674366261500802,158.56243874832344
6,31,4.0,2.7674366264729526,158.56243876682265
6,48,3.0,2.7674366268155866,158.56243878645412
6,15,5.0,2.9875876129647083,171.17616114844185
6,32,4.0,2.9875876132905317,171.17616116711017
6,49,3.0,2.987587613631208,171.17616118662949
6,16,5.0,3.1328658795117748,179.49999267656537
7,0,5.0,0.008726934128430605,0.5000164936477532
7,1,5.0,0.14506827525058374,8.311799913100584
7,18,4.0,0.1450682759756921,8.311799954646233
7,35,3.0,0.1450682766707537,8.311799994470329
7,2,5.0,0.37109979810610394,21.262452209636695
7,19,4.0,0.371099798839493,21.262452251656796
7,36,3.0,0.37109979953104133,21.262452291279594
7,3,5.0,0.5546336204974023,31.778165630561737
7,20,4.0,0.5546336212547259,31.778165673953186
7,37,3.0,0.5546336219662863,31.778165714722594
7,4,5.0,0.745389948080574,42.70769811649245
7,21,4.0,0.7453899488333261,42.70769815962197
7,38,3.0,0.7453899495518065,42.70769820078786
7,39,3.0,0.9463554850092792,54.22217521008775
7,5,5.0,0.9463556601307668,54.22218524380988
7,22,4.0,0.9463556613279096,54.222185312401116
7,6,5.0,1.1556019239901938,66.21111304183586
7,23,4.0,1.15560192472239,66.21111308378762
7,40,3.0,1.1556019254350782,66.21111312462165
7,7,5.0,1.3640077021569177,78.15188455692882
7,24,4.0,1.364007702872266,78.15188459791526
7,41,3.0,1.3640077035776341,78.15188463832988
7,8,5.0,1.570796318357665,89.99999951658224
7,25,4.0,1.570796318357614,89.99999951657931
7,42,3.0,1.5707963183576155,89.99999951657941
7,9,5.0,1.7775849331623759,101.84811439624866
7,26,4.0,1.7775849338429988,101.84811443524548
7,43,3.0,1.7775849345334809,101.84811447480719
7,10,5.0,1.9859907113289252,113.78888591133162
7,27,4.0,1.9859907119929898,113.78888594937972
7,44,3.0,1.9859907126761067,113.78888598851944
7,11,5.0,2.1952369754459014,125.77781372411408
7,28,4.0,2.1952369765258863,125.77781378599266
7,45,3.0,2.1952371517059532,125.77782382307115
7,12,5.0,2.396202687238166,137.29230083665334
7,29,4.0,2.3962026878823184,137.29230087356052
7,46,3.0,2.3962026885595,137.29230091236016
7,13,5.0,2.5869590148212542,148.22183332257924
7,30,4.0,2.586959015461037,148.22183335923611
7,47,3.0,2.5869590161449896,148.22183339842368
7,14,5.0,2.77049283721303,158.73754674353165
7,31,4.0,2.7704928378759384,158.7375467815135
7,48,3.0,2.7704928385800875,158.73754682185827
7,15,5.0,2.9965243600687663,171.68819904008015
7,32,4.0,2.9965243607396106,171.68819907851667
7,49,3.0,2.9965243614403,171.68819911866322
7,16,5.0,3.1328657025867876,179.4999825395103
8,0,5.0,0.00872693345401838,0.500016455006779
8,1,5.0,0.13602167405514348,7.7934678456638515
8,18,4.0,0.136021674629328,7.7934678785622005
8,35,3.0,0.13602167518031485,7.793467910131422
8,2,5.0,0.3681201897451144,21.091733225950104
8,19,4.0,0.3681201903274196,21.091733259313735
8,36,3.0,0.36812019087605974,21.091733290748497
8,3,5.0,0.5496259847628849,31.491249237635
8,20,4.0,0.5496259853648939,31.491249272127575
8,37,3.0,0.5496259859289234,31.491249304444082
8,4,5.0,0.7390210447918852,42.34278683792359
8,21,4.0,0.7390210453898789,42.3427868721861
8,38,3.0,0.7390210459600801,42.342786904856226
8,39,3.0,0.9407134818809525,53.89891224283502
8,5,5.0,0.940713619406336,53.89892012245907
8,22,4.0,0.9407136203571336,53.89892017693575
8,6,5.0,1.152143921606226,66.01298409968832
8,23,4.0,1.152143922187923,66.01298413301711
8,40,3.0,1.152143922753701,66.0129841654338
8,7,5.0,1.3622962089863986,78.05382322159261
8,24,4.0,1.3622962095543432,78.05382325413343
8,41,3.0,1.3622962101142022,78.053823286211
8,8,5.0,1.570796320099392,89.99999961637585
8,25,4.0,1.5707963200993527,89.99999961637359
8,42,3.0,1.5707963200993538,89.99999961637366
8,9,5.0,1.7792964301045204,101.9461759476831
8,26,4.0,1.7792964306443926,101.94617597861549
8,43,3.0,1.779296431192252,101.94617601000552
8,10,5.0,1.9894487174845474,113.98701506957903
8,27,4.0,1.9894487180109093,113.98701509973735
8,44,3.0,1.989448718552811,113.98701513078602
8,11,5.0,2.2008790198888186,126.10107905851848
8,28,4.0,2.20087902074513,126.10107910758151
8,45,3.0,2.2008791583177554,126.10108698991232
8,12,5.0,2.402571594298581,137.65721233132618
8,29,4.0,2.402571594809168,137.65721236058067
8,46,3.0,2.4025715953465285,137.65721239136914
8,13,5.0,2.591966654327505,148.5087499316104
8,30,4.0,2.5919666548342577,148.5087499606452
8,47,3.0,2.591966655377659,148.50874999177978
8,14,5.0,2.7734724493456753,158.90826594331818
8,31,4.0,2.773472449871451,158.90826597344292
8,48,3.0,2.7734724504304054,158.90826600546865
8,15,5.0,3.00557096503584,172.20653132361556
8,32,4.0,3.0055709655694245,172.2065313541877
8,49,3.0,3.0055709661260868,172.20653138608208
8,16,5.0,3.1328657067446835,179.4999827777402
9,0,5.0,0.008727232174561346,0.5000335704331449
9,1,5.0,0.12684109742963645,7.267459551525843
9,18,4.0,0.12684109836427832,7.267459605076877
9,35,3.0,0.12684109926234394,7.267459656532247
9,2,5.0,0.36520165516082553,20.92451351190738
9,19,4.0,0.36520165611166194,20.924513566386295
9,36,3.0,0.36520165700745855,20.92451361771166
9,3,5.0,0.544788674495028,31.2140917750915
9,20,4.0,0.544788675479558,31.214091831500912
9,37,3.0,0.544788676398734,31.214091884165818
9,4,5.0,0.7326746905427688,41.979167524154306
9,21,4.0,0.7326746915196922,41.97916758012789
9,38,3.0,0.7326746924504361,41.97916763345559
9,39,3.0,0.9350655036175172,53.57530692555854
9,5,5.0,0.935065725769194,53.57531965391204
9,22,4.0,0.9350657273225883,53.57531974291498
9,6,5.0,1.1487123635235947,65.81637030439956
9,23,4.0,1.1487123644741886,65.81637035886456
9,40,3.0,1.1487123653981037,65.816370411801
9,7,5.0,1.3605853862754789,77.95580030076178
9,24,4.0,1.3605853872028708,77.95580035389743
9,41,3.0,1.3605853881168488,77.9558004062645
9,8,5.0,1.570796315866094,89.99999937382574
9,25,4.0,1.5707963158660292,89.99999937382202
9,42,3.0,1.5707963158660314,89.99999937382215
9,9,5.0,1.781007243648324,102.04419834327686
9,26,4.0,1.7810072445292409,102.04419839374968
9,43,3.0,1.7810072454234072,102.04419844498163
9,10,5.0,1.9928802663999574,114.18362833962472
9,27,4.0,1.992880267258088,114.18362838879199
9,44,3.0,1.9928802681422513,114.1836284394508
9,11,5.0,2.206526904487948,126.42467900922551
9,28,4.0,2.206526905884404,126.42467908923658
9,45,3.0,2.206527128114545,126.42469182208573
9,12,5.0,2.4089179393802755,138.02083111984086
9,29,4.0,2.4089179402129406,138.02083116754906
9,46,3.0,2.4089179410900754,138.02083121780518
9,13,5.0,2.5968039554278644,148.78590686889498
9,30,4.0,2.5968039562532725,148.78590691618737
9,47,3.0,2.5968039571417307,148.78590696709227
9,14,5.0,2.7763909747627635,159.075485132119
9,31,4.0,2.77639097562067,159.07548518127345
9,48,3.0,2.776390976532817,159.0754852335356
9,15,5.0,3.014751532494304,172.73253909252068
9,32,4.0,3.0147515333678356,172.73253914257035
9,49,3.0,3.014751534277821,172.7325391947087
9,16,5.0,3.1328653995574967,179.4999651772109
10,0,5.0,0.008727192643336714,0.5000313054608144
10,1,5.0,0.11763782412744775,6.740150833605002
10,18,4.0,0.11763782520892523,6.740150895569097
10,35,3.0,0.11763782624840634,6.740150955126977
10,2,5.0,0.36227734879279966,20.756963099016268
10,19,4.0,0.36227734989439603,20.756963162133093
10,36,3.0,0.3622773509305228,20.756963221498786
10,3,5.0,0.5400589857006204,30.943100568761626
10,20,4.0,0.5400589868415754,30.94310063413353
10,37,3.0,0.5400589879051466,30.943100695071674
10,4,5.0,0.7263093493741096,41.61446034002926
10,21,4.0,0.7263093505058758,41.614460404874684
10,38,3.0,0.7263093515833943,41.614460466611945
10,39,3.0,0.9293952844592898,53.250427298877895
10,5,5.0,0.9293955347525366,53.250441639624576
10,22,4.0,0.9293955365517951,53.25044174271449
10,6,5.0,1.1452750141574195,65.61942469300574
10,23,4.0,1.145275015258418,65.6194247560883
10,40,3.0,1.1452750163277896,65.61942481735879
10,7,5.0,1.3588614404515997,77.8570254809443
10,24,4.0,1.3588614415247515,77.85702554243137
10,41,3.0,1.3588614425823242,77.85702560302582
10,8,5.0,1.5707963141480428,89.99999927538866
10,25,4.0,1.5707963141479764,89.99999927538485
10,42,3.0,1.5707963141479782,89.99999927538495
10,9,5.0,1.7827311857517838,102.14297294993001
10,26,4.0,1.7827311867712612,102.14297300834177
10,43,3.0,1.7827311878061265,102.14297306763518
10,10,5.0,1.9963176120456576,114.38057373785101
10,27,4.0,1.996317613037796,114.38057379469636
10,44,3.0,1.9963176140607801,114.38057385330903
10,11,5.0,2.212197091836734,126.74955681335943
10,28,4.0,2.2121970934508544,126.74955690584173
10,45,3.0,2.2121973438366633,126.74957125189182
10,12,5.0,2.4152832768283665,138.38553809079306
10,29,4.0,2.4152832777907594,138.3855381459341
10,46,3.0,2.415283278805362,138.38553820406656
10,13,5.0,2.6015336405016662,149.05689786204985
10,30,4.0,2.6015336414553016,149.05689791668914
10,47,3.0,2.6015336424835533,149.05689797560362
10,14,5.0,2.7793152774103222,159.24303533184306
10,31,4.0,2.779315278401889,159.24303538865564
10,48,3.0,2.7793152794579505,159.2430354491635
10,15,5.0,3.0239548020760876,173.259847597278
10,32,4.0,3.0239548030871046,173.25984765520502
10,49,3.0,3.023954804139946,173.2598477155284
10,16,5.0,3.1328654356525996,179.49996724530794
11,0,5.0,0.008726876168463118,0.5000131727862355
11,1,5.0,0.10837899430881849,6.209658961767668
11,18,4.0,0.10837899476982839,6.209658988181589
11,35,3.0,0.108378995214235,6.209659013644212
11,2,5.0,0.35935235330964005,20.589373202736397
11,19,4.0,0.3593523537803528,20.589373229706247
11,36,3.0,0.3593523542228827,20.589373255061343
11,3,5.0,0.5353922795383446,30.675718001435527
11,20,4.0,0.5353922800258444,30.675718029367207
11,37,3.0,0.53539228047987,30.67571805538096
11,4,5.0,0.7199634836195038,41.25086901493375
11,21,4.0,0.7199634841032603,41.25086904265095
11,38,3.0,0.7199634845635206,41.250869069021924
11,39,3.0,0.9237249370586152,52.92554032444627
11,5,5.0,0.923725044208376,52.92554646367533
11,22,4.0,0.9237250449774723,52.92554650774131
11,6,5.0,1.1418625526554296,65.42390505119084
11,23,4.0,1.1418625531259583,65.42390507815016
11,40,3.0,1.1418625535827882,65.42390510432459
11,7,5.0,1.3571441636578858,77.75863276840873
11,24,4.0,1.3571441641167303,77.75863279469858
11,41,3.0,1.3571441645686573,77.7586328205921
11,8,5.0,1.5707963213929992,89.99999969049408
11,25,4.0,1.5707963213929699,89.9999996904924
11,42,3.0,1.5707963213929708,89.99999969049244
11,9,5.0,1.7844484782342562,102.24136656136523
11,26,4.0,1.784448478669238,102.24136658628785
11,43,3.0,1.7844484791110486,102.24136661160173
11,10,5.0,1.9997300892365812,114.5760942785756
11,27,4.0,1.999730089660097,114.57609430284126
11,44,3.0,1.9997300900969686,114.57609432787216
11,11,5.0,2.217867597848533,127.07445287553908
11,28,4.0,2.217867598537506,127.07445291501432
11,45,3.0,2.217867705727325,127.07445905653856
11,12,5.0,2.421629158272247,138.74913031481782
11,29,4.0,2.4216291586829777,138.74913033835094
11,46,3.0,2.421629159116316,138.74913036317938
11,13,5.0,2.60620036235333,149.32428132831166
11,30,4.0,2.606200362760495,149.32428135164048
11,47,3.0,2.60620036319994,149.32428137681885
11,14,5.0,2.78224028858239,159.41062612703115
11,31,4.0,2.7822402890057303,159.41062615128675
11,48,3.0,2.7822402894568348,159.41062617713314
11,15,5.0,3.033213647583405,173.79034036801096
11,32,4.0,3.0332136480161367,173.79034039280467
11,49,3.0,3.033213648465428,173.79034041854715
11,16,5.0,3.1328657666174693,179.49998620819815
12,0,5.0,0.008727104376623952,0.5000262481507017
12,1,5.0,0.09909104905318661,5.677498898271405
12,18,4.0,0.09909105014218082,5.677498960666177
12,35,3.0,0.09909105119420128,5.677499020942509
12,2,5.0,0.3564079096561734,20.420669008378677
12,19,4.0,0.35640791077023787,20.42066907220987
12,36,3.0,0.3564079118168375,20.42066913217561
12,3,5.0,0.5308051210375995,30.412893179385275
12,20,4.0,0.5308051221923147,30.412893245545582
12,37,3.0,0.5308051232663986,30.41289330708606
12,4,5.0,0.7136172866214925,40.88725871098911
12,21,4.0,0.7136172877668996,40.8872587766161
12,38,3.0,0.713617288856152,40.88725883902567
12,39,3.0,0.918041030041941,52.59987644124604
12,5,5.0,0.9180412767958661,52.599890579204526
12,22,4.0,0.9180412786158373,52.59989068348119
12,6,5.0,1.1384612990084557,65.22902757216576
12,23,4.0,1.1384613001222945,65.22902763598402
12,40,3.0,1.138461301203354,65.22902769792417
12,7,5.0,1.3554259922379184,77.6601887975646
12,24,4.0,1.3554259933235755,77.66018885976817
12,41,3.0,1.3554259943927567,77.66018892102774
12,8,5.0,1.5707963140145609,89.9999992677407
12,25,4.0,1.5707963140144872,89.99999926773648
12,42,3.0,1.5707963140144898,89.99999926773663
12,9,5.0,1.7861666336764805,102.3398096167521
12,26,4.0,1.7861666347054672,102.33980967570871
12,43,3.0,1.7861666357507178,102.33980973559716
12,10,5.0,2.003131326905626,114.77097084213277
12,27,4.0,2.0031313279069587,114.77097089950492
12,44,3.0,2.0031313289402446,114.77097095870784
12,11,5.0,2.2235513495088672,127.40010785747671
12,28,4.0,2.223551351137397,127.40010795078459
12,45,3.0,2.2235515979870346,127.400122094227
12,12,5.0,2.427975339291963,139.11273970327355
12,29,4.0,2.4279753402627957,139.1127397588982
12,46,3.0,2.427975341287639,139.11273981761738
12,13,5.0,2.610787504875658,149.58710523486604
12,30,4.0,2.610787505837632,149.5871052899831
12,47,3.0,2.610787506877329,149.58710534955335
12,14,5.0,2.785184716257971,159.57932940592346
12,31,4.0,2.7851847172590842,159.57932946328302
12,48,3.0,2.7851847183266494,159.57932952445
12,15,5.0,3.042501576861465,174.3224995160598
12,32,4.0,3.0425015778868367,174.32249957480926
12,49,3.0,3.0425015789491545,174.3224996356756
12,16,5.0,3.1328655236523386,179.49997228732158
13,0,5.0,0.008726711758693627,0.5000037528003329
13,1,5.0,0.08978047518918335,5.144042311019207
13,18,4.0,0.08978047537906035,5.1440423218983575
13,35,3.0,0.0897804755627341,5.144042332422088
13,2,5.0,0.35343575968431884,20.250377358911482
13,19,4.0,0.35343575987877035,20.250377370052732
13,36,3.0,0.35343576006135086,20.250377380513825
13,3,5.0,0.5263011580186411,30.154835107315957
13,20,4.0,0.5263011582201291,30.154835118860372
13,37,3.0,0.5263011584073175,30.154835129585475
13,4,5.0,0.7072695194284756,40.523558441497634
13,21,4.0,0.7072695196284055,40.52355845295277
13,38,3.0,0.7072695198184319,40.52355846384048
13,39,3.0,0.9123356407090571,52.272981711992834
13,5,5.0,0.9123356836286511,52.272984171104426
13,22,4.0,0.9123356839463743,52.27298418930862
13,6,5.0,1.1350736979739342,65.03493233021354
13,23,4.0,1.1350736981682759,65.0349323413485
13,40,3.0,1.135073698356835,65.03493235215213
13,7,5.0,1.3537089389167765,77.56180888906425
13,24,4.0,1.3537089391062997,77.56180889992314
13,41,3.0,1.3537089392928454,77.56180891061142
13,8,5.0,1.57079632456613,89.99999987230109
13,25,4.0,1.57079632456612,89.9999998723005
13,42,3.0,1.5707963245661203,89.99999987230052
13,9,5.0,1.7878837098466842,102.43819083440727
13,26,4.0,1.7878837100259541,102.43819084467869
13,43,3.0,1.7878837102081622,102.43819085511844
13,10,5.0,2.006518950789471,114.96506739325481
13,27,4.0,2.0065189509640144,114.96506740325542
13,44,3.0,2.006518951144194,114.96506741357894
13,11,5.0,2.22925696520281,127.72701555626324
13,28,4.0,2.2292569654866488,127.727015572526
13,45,3.0,2.229257008423184,127.72701803260826
13,12,5.0,2.434323129334817,139.47644128196427
13,29,4.0,2.434323129503964,139.47644129165568
13,46,3.0,2.4343231296826313,139.47644130189255
13,13,5.0,2.6152914907446188,149.84516461614405
13,30,4.0,2.615291490912284,149.84516462575058
13,47,3.0,2.6152914910937333,149.84516463614685
13,14,5.0,2.788156889079094,159.7496223645573
13,31,4.0,2.788156889253533,159.7496223745519
13,48,3.0,2.78815688943966,159.7496223852162
13,15,5.0,3.0518121735743122,174.8559574124543
13,32,4.0,3.051812173753192,174.85595742270337
13,49,3.0,3.0518121739382558,174.85595743330674
13,16,5.0,3.132865937373546,179.49999599180066
14,0,5.0,0.008726806284985419,0.5000091687579056
14,1,5.0,0.08047382444547779,4.61081050200259
14,18,4.0,0.08047382504413161,4.610810536302927
14,35,3.0,0.08047382562386544,4.610810569519229
14,2,5.0,0.3504230601043136,20.077762388036348
14,19,4.0,0.35042306071817664,20.077762423208107
14,36,3.0,0.3504230612942945,20.07776245621723
14,3,5.0,0.5218784666212327,29.90143355615564
14,20,4.0,0.5218784672568272,29.901433592572523
14,37,3.0,0.5218784678466464,29.901433626366675
14,4,5.0,0.7009062396412263,40.158969365827346
14,21,4.0,0.7009062402721685,40.15896940197767
14,38,3.0,0.7009062408713929,40.15896943631069
14,39,3.0,0.906601221045295,51.94442366730243
14,5,5.0,0.9066013592257657,51.94443158446021
14,22,4.0,0.9066013602288556,51.944431641933036
14,6,5.0,1.1316922499138728,64.84118962772932
14,23,4.0,1.1316922505270153,64.84118966285979
14,40,3.0,1.1316922511216352,64.841189696929
14,7,5.0,1.3519712164943534,77.46224472829415
14,24,4.0,1.3519712170922737,77.46224476255247
14,41,3.0,1.3519712176805996,77.46224479626106
14,8,5.0,1.5707963197683155,89.99999959740656
14,25,4.0,1.5707963197682968,89.99999959740549
14,42,3.0,1.5707963197682988,89.9999995974056
14,9,5.0,1.7896214218794773,102.5377543998954
14,26,4.0,1.7896214224443672,102.53775443226122
14,43,3.0,1.789621423018723,102.53775446516939
14,10,5.0,2.0099003884597724,115.15880950044962
14,27,4.0,2.009900389009744,115.15880953196069
14,44,3.0,2.0099003895777563,115.15880956450539
14,11,5.0,2.234991279361885,128.05556755598036
14,28,4.0,2.2349912802566947,128.05556760724917
14,45,3.0,2.2349914184913007,128.05557552750867
14,12,5.0,2.440686398732057,139.84102976233086
14,29,4.0,2.440686399264844,139.8410297928573
14,46,3.0,2.4406863998281083,139.84102982512997
14,13,5.0,2.6197141717519514,150.0985655719969
14,30,4.0,2.6197141722803248,150.09856560227044
14,47,3.0,2.6197141728528144,150.09856563507168
14,14,5.0,2.7911695782693378,159.92223674014295
14,31,4.0,2.791169578818625,159.9222367716148
14,48,3.0,2.791169579405052,159.92223680521457
14,15,5.0,3.06111881392877,175.38918862621088
14,32,4.0,3.061118814492638,175.38918865851812
14,49,3.0,3.061118815075483,175.3891886919127
14,16,5.0,3.132865833251106,179.4999900260243
15,0,5.0,0.008726821995641535,0.5000100689121945
15,1,5.0,0.07119023907832515,4.078900241715335
15,18,4.0,0.07119024006708183,4.07890029836692
15,35,3.0,0.07119024102879731,4.078900353469158
15,2,5.0,0.34732957075979815,19.90051850462692
15,19,4.0,0.34732957177888,19.90051856301601
15,36,3.0,0.34732957273485227,19.900518617789185
15,3,5.0,0.5175549473801921,29.65371415100041
15,20,4.0,0.5175549484356978,29.653714211476434
15,37,3.0,0.5175549494133442,29.653714267491445
15,4,5.0,0.694520523135765,39.79309476089738
15,21,4.0,0.694520524182718,39.793094820883375
15,38,3.0,0.694520525176811,39.7930948778407
15,39,3.0,0.9008250348180928,51.61347257480215
15,5,5.0,0.9008252528882368,51.61348506930104
15,22,4.0,0.9008252545522935,51.613485164644466
15,6,5.0,1.1283097250137373,64.64738522685364
15,23,4.0,1.1283097260318387,64.64738528518654
15,40,3.0,1.1283097270186493,64.64738534172663
15,7,5.0,1.350225318440131,77.36221213832711
15,24,4.0,1.350225319431785,77.3622121951447
15,41,3.0,1.3502253204075771,77.36221225105348
15,8,5.0,1.5707963151390096,89.99999933216687
15,25,4.0,1.570796315138959,89.99999933216397
15,42,3.0,1.5707963151389621,89.99999933216415
15,9,5.0,1.7913673099090357,102.63778641549152
15,26,4.0,1.7913673108462085,102.63778646918756
15,43,3.0,1.7913673117990323,102.63778652378035
15,10,5.0,2.0132829033351114,115.35261332694678
15,27,4.0,2.0132829042463616,115.35261337915756
15,44,3.0,2.0132829051880807,115.3526134331141
15,11,5.0,2.2407673758166076,128.3865135048964
15,28,4.0,2.2407673772987233,128.3865135898154
15,45,3.0,2.2407675954598276,128.38652608952592
15,12,5.0,2.447072105212491,140.20690379286907
15,29,4.0,2.4470721060959,140.20690384348467
15,46,3.0,2.447072107030098,140.20690389701028
15,13,5.0,2.624037680967879,150.34628440275546
15,30,4.0,2.62403768184317,150.34628445290593
15,47,3.0,2.624037682793496,150.3462845073556
15,14,5.0,2.7942630575890894,160.09948004917572
15,31,4.0,2.794263058499395,160.0994801013324
15,48,3.0,2.7942630594717786,160.09948015704586
15,15,5.0,3.0704023892723438,175.92109831218937
15,32,4.0,3.0704023902113233,175.92109836598894
15,49,3.0,3.070402391177943,175.92109842137216
15,16,5.0,3.1328658082804974,179.49998859531382
16,0,5.0,0.008726760518147783,0.5000065465112674
16,1,5.0,0.061961024410617044,3.5501051930354257
16,18,4.0,0.061961025414492485,3.5501052505532518
16,35,3.0,0.06196102639295693,3.550105306615135
16,2,5.0,0.344096123958973,19.71525564965956
16,19,4.0,0.34409612499483977,19.715255709010354
16,36,3.0,0.34409612596644884,19.715255764679455
16,3,5.0,0.5133346441197154,29.411908585909796
16,20,4.0,0.5133346451919099,29.411908647342013
16,37,3.0,0.5133346461834143,29.41190870415103
16,4,5.0,0.6881013476076785,39.42530309518436
16,21,4.0,0.6881013486708598,39.42530315610016
16,38,3.0,0.6881013496799526,39.425303213916926
16,39,3.0,0.8950211564726178,51.28093484079906
16,5,5.0,0.8950213752847228,51.280947377809184
16,22,4.0,0.8950213769744101,51.28094747462114
16,6,5.0,1.1249004932938644,64.4520506379228
16,23,4.0,1.124900494327539,64.45205069714798
16,40,3.0,1.1249004953291164,64.45205075453414
16,7,5.0,1.3484590888905101,77.26101463948254
16,24,4.0,1.3484590898974511,77.26101469717601
16,41,3.0,1.3484590908879506,77.26101475392745
16,8,5.0,1.5707963149670343,89.99999932231341
16,25,4.0,1.5707963149669906,89.99999932231091
16,42,3.0,1.570796314966994,89.9999993223111
16,9,5.0,1.7931335390861527,102.73898389299319
16,26,4.0,1.7931335400366113,102.73898394745045
16,43,3.0,1.79313354100329,102.73898400283707
16,10,5.0,2.0166921346824718,115.54794789453422
16,27,4.0,2.0166921356067347,115.54794794749058
16,44,3.0,2.0166921365622468,115.54794800223739
16,11,5.0,2.2465712530528408,128.71905117534465
16,28,4.0,2.2465712545560153,128.71905126147018
16,45,3.0,2.2465714734613655,128.71906380382288
16,12,5.0,2.453491280368045,140.57469543723755
16,29,4.0,2.4534912812638465,140.5746954885632
16,46,3.0,2.4534912822115955,140.57469554286521
16,13,5.0,2.628257983855809,150.5880899465007
16,30,4.0,2.628257984743062,150.58808999733657
16,47,3.0,2.6282579857080623,150.58809005262702
16,14,5.0,2.797496504017377,160.28474288279824
16,31,4.0,2.797496504939528,160.28474293563363
16,48,3.0,2.7974965059248205,160.2847429920867
16,15,5.0,3.0796316035675617,176.44989333952716
16,32,4.0,3.079631604519725,176.4498933940821
16,49,3.0,3.07963160549719,176.44989345008673
16,16,5.0,3.132865869415307,179.49999209808038
17,0,5.0,0.00872666064495101,0.5000008241986058
17,1,5.0,0.05290337570061038,3.031140149639929
17,18,4.0,0.052903375886870045,3.031140160311822
17,35,3.0,0.05290337606867803,3.0311401707286523
17,2,5.0,0.3406387753499121,19.517164166054947
17,19,4.0,0.3406387755427946,19.5171641771063
17,36,3.0,0.3406387757236299,19.517164187467397
17,3,5.0,0.509152742888762,29.1723032950356
17,20,4.0,0.5091527430880257,29.17230330645257
17,37,3.0,0.5091527432721228,29.172303317000555
17,4,5.0,0.6816059716457403,39.05314546621458
17,21,4.0,0.6816059718432953,39.05314547753365
17,38,3.0,0.6816059720307438,39.05314548827366
17,39,3.0,0.8891550325950353,50.94483070051267
17,5,5.0,0.8891550724722259,50.94483298530739
17,22,4.0,0.8891550727861384,50.94483300329325
17,6,5.0,1.1214638394304068,64.25514487589935
17,23,4.0,1.1214638396225283,64.25514488690709
17,40,3.0,1.1214638398086185,64.25514489756928
17,7,5.0,1.346675382682747,77.15881580188643
17,24,4.0,1.3466753828698628,77.15881581260737
17,41,3.0,1.346675383053867,77.15881582315004
17,8,5.0,1.5707963245981886,89.99999987413791
17,25,4.0,1.5707963245981806,89.99999987413744
17,42,3.0,1.5707963245981815,89.9999998741375
17,9,5.0,1.79491726615009,102.84118392556006
17,26,4.0,1.7949172663265145,102.84118393566844
17,43,3.0,1.7949172665060078,102.84118394595265
17,10,5.0,2.020128809402368,115.74485485154358
17,27,4.0,2.020128809573889,115.74485486137101
17,44,3.0,2.02012880975128,115.74485487153477
17,11,5.0,2.252437576427679,129.0551667459818
17,28,4.0,2.2524375767066838,129.0551667619676
17,45,3.0,2.2524376166013274,129.05516904776232
17,12,5.0,2.45998667718692,140.9468542612218
17,29,4.0,2.4599866773532026,140.94685427074907
17,46,3.0,2.459986677529189,140.94685428083235
17,13,5.0,2.632439905943861,150.82769643239862
17,30,4.0,2.632439906108522,150.827696441833
17,47,3.0,2.6324399062877957,150.82769645210465
17,14,5.0,2.800953873482859,160.4828355613878
17,31,4.0,2.8009538736536457,160.48283557117313
17,48,3.0,2.8009538738362507,160.4828355816356
17,15,5.0,3.0886892731325806,176.96885957782683
17,32,4.0,3.0886892733095466,176.96885958796625
17,49,3.0,3.088689273490955,176.96885959836018
17,16,5.0,3.1328659885512717,179.49999892406836
18,0,5.0,0.008726710876936683,0.5000037022793815
18,1,5.0,0.043999799699892275,2.5210028222248138
18,18,4.0,0.043999800522692,2.521002869367765
18,35,3.0,0.043999801330715786,2.521002915664118
18,2,5.0,0.3372336690916167,19.322065948661034
18,19,4.0,0.3372336699457782,19.322065997600884
18,36,3.0,0.3372336707453828,19.322066043414853
18,3,5.0,0.5049419171471933,28.931040751778667
18,20,4.0,0.5049419180295651,28.931040802334852
18,37,3.0,0.5049419188447609,28.93104084904213
18,4,5.0,0.675001841480468,38.67475668038944
18,21,4.0,0.6750018423562109,38.67475673056581
18,38,3.0,0.6750018431864169,38.67475677813311
18,39,3.0,0.883198352832796,50.60353809022536
18,5,5.0,0.883198534813923,50.60354851697589
18,22,4.0,0.8831985362053012,50.603548596695994
18,6,5.0,1.1179809290644311,64.05558881150658
18,23,4.0,1.1179809299157275,64.05558886028227
18,40,3.0,1.1179809307398887,64.05558890750322
18,7,5.0,1.3448718154010837,77.05547900857924
18,24,4.0,1.3448718162299607,77.0554790560704
18,41,3.0,1.3448718170447236,77.05547910275287
18,8,5.0,1.5707963170697707,89.99999944279134
18,25,4.0,1.5707963170697503,89.99999944279017
18,42,3.0,1.570796317069753,89.99999944279031
18,9,5.0,1.7967208171289926,102.94451978478786
18,26,4.0,1.796720817909612,102.94451982951405
18,43,3.0,1.7967208187041477,102.9445198750376
18,10,5.0,2.0236117034653556,115.94440998184395
18,27,4.0,2.0236117042240287,115.9444100253127
18,44,3.0,2.02361170500909,115.94441007029342
18,11,5.0,2.2583940980122947,129.39645029335887
18,28,4.0,2.2583940992475,129.3964503641309
18,45,3.0,2.2583942813067086,129.39646079535518
18,12,5.0,2.4665907910488007,141.3252421129314
18,29,4.0,2.4665907917839127,141.3252421550502
18,46,3.0,2.4665907925627173,141.32524219967243
18,13,5.0,2.636650715381929,151.0689580415338
18,30,4.0,2.6366507161107675,151.06895808329315
18,47,3.0,2.636650716904308,151.06895812875968
18,14,5.0,2.804358963438148,160.67793284468823
18,31,4.0,2.804358964194072,160.67793288799948
18,48,3.0,2.8043589650035288,160.67793293437794
18,15,5.0,3.0975928328312006,177.47899597120053
18,32,4.0,3.097592833616993,177.47899601622314
18,49,3.0,3.097592834417547,177.4789960620915
18,16,5.0,3.132865923262055,179.49999518327178
19,0,5.0,0.00872669701861561,0.5000029082560729
19,1,5.0,0.03518569037734261,2.0159915578758043
19,18,4.0,0.035185691034267344,2.0159915955148193
19,35,3.0,0.03518569168698675,2.0159916329128866
19,2,5.0,0.3338047832679451,19.125605262532414
19,19,4.0,0.3338047839544822,19.12560530186809
19,36,3.0,0.333804784596313,19.125605338642288
19,3,5.0,0.5007671865125617,28.691846305810305
19,20,4.0,0.5007671872217578,28.69184634644425
19,37,3.0,0.5007671878761196,28.691846383936422
19,4,5.0,0.6683327815627497,38.29264769378432
19,21,4.0,0.6683327822664072,38.292647734100925
19,38,3.0,0.66833278293306,38.292647772297315
19,39,3.0,0.8771843647611576,50.258961955678465
19,5,5.0,0.8771845015359883,50.258969792299006
19,22,4.0,0.8771845026531346,50.25896985630678
19,6,5.0,1.1144779722522071,63.854884170349536
19,23,4.0,1.114477972936376,63.85488420954953
19,40,3.0,1.114477973598297,63.85488424747481
19,7,5.0,1.3430584888968145,76.95158305300541
19,24,4.0,1.3430584895625972,76.95158309115195
19,41,3.0,1.3430584902167781,76.95158312863376
19,8,5.0,1.5707963189886782,89.99999955273664
19,25,4.0,1.5707963189886553,89.99999955273532
19,42,3.0,1.570796318988658,89.99999955273547
19,9,5.0,1.7985341477885568,103.04841597844256
19,26,4.0,1.7985341484147745,103.0484160143222
19,43,3.0,1.7985341490524276,103.04841605085703
19,10,5.0,2.0271146644329257,116.14511486108476
19,27,4.0,2.0271146650411485,116.14511489593338
19,44,3.0,2.027114665670998,116.14511493202109
19,11,5.0,2.2644081353877605,129.74102925280698
19,28,4.0,2.264408136377752,129.74102930952932
19,45,3.0,2.264408273216158,129.74103714979248
19,12,5.0,2.473259855121963,141.70735133762594
19,29,4.0,2.4732598557114165,141.7073513713991
19,46,3.0,2.4732598563363606,141.70735140720578
19,13,5.0,2.640825450172025,151.30815272559272
19,30,4.0,2.640825450756239,151.3081527590657
19,47,3.0,2.6408254513932468,151.30815279556356
19,14,5.0,2.807787853417181,160.8743937689015
19,31,4.0,2.8077878540231227,160.87439380361943
19,48,3.0,2.8077878546729194,160.87439384085002
19,15,5.0,3.1064069463100776,177.98400747368956
19,32,4.0,3.1064069469434052,177.98400750997658
19,49,3.0,3.1064069475813723,177.98400754652937
19,16,5.0,3.132865940957221,179.49999619713012
20,0,5.0,0.008726718712873999,0.5000041512455182
20,1,5.0,0.02618047825803801,1.5000309098195914
20,18,4.0,0.026180479293852962,1.5000309691674165
20,35,3.0,0.026180480341331924,1.5000310291835401
20,2,5.0,0.3303420764745917,18.927206777581983
20,19,4.0,0.330342077580468,18.92720684094403
20,36,3.0,0.3303420786135114,18.927206900133058
20,3,5.0,0.49675310458703587,28.46185635285793
20,20,4.0,0.49675310572970227,28.461856418327894
20,37,3.0,0.49675310678353146,28.46185647870786
20,4,5.0,0.6617503748775914,37.915503571686045
20,21,4.0,0.6617503760109182,37.91550363662089
20,38,3.0,0.6617503770841653,37.91550369811342
20,39,3.0,0.8712457917711354,49.91870678701981
20,5,5.0,0.871246014603409,49.91871955436862
20,22,4.0,0.8712460164025208,49.91871965745013
20,6,5.0,1.1110134194917163,63.656379919273014
20,23,4.0,1.1110134205936815,63.65637998241097
20,40,3.0,1.111013421659353,63.656380043469454
20,7,5.0,1.3412463706562807,76.84775632584414
20,24,4.0,1.3412463717279701,76.84775638724743
20,41,3.0,1.3412463727807669,76.84775644756824
20,8,5.0,1.5707963142356078,89.99999928040576
20,25,4.0,1.57079631423556,89.99999928040303
20,42,3.0,1.5707963142355656,89.99999928040334
20,9,5.0,1.8003462557357768,103.1522421158404
20,26,4.0,1.8003462567432507,103.15224217356439
20,43,3.0,1.800346257769347,103.15224223235538
20,10,5.0,2.0305792068999446,116.3436185223888
20,27,4.0,2.030579207877795,116.34361857841549
20,44,3.0,2.030579208890912,116.34361863646282
20,11,5.0,2.2703466121724083,130.08127890930373
20,28,4.0,2.270346613763929,130.08127900049115
20,45,3.0,2.2703468366999977,130.08129177378697
20,12,5.0,2.479842251513382,142.08449486993635
20,29,4.0,2.4798422524610495,142.08449492423372
20,46,3.0,2.479842253466305,142.0844949818306
20,13,5.0,2.644839521803729,151.53814208875252
20,30,4.0,2.6448395227425503,151.53814214254305
20,47,3.0,2.6448395237668523,151.5381422012312
20,14,5.0,2.8112505499170775,161.0727916640803
20,31,4.0,2.8112505508911467,161.07279171989035
20,48,3.0,2.8112505519366304,161.07279177979217
20,15,5.0,3.115412148146515,178.49996753258088
20,32,4.0,3.1154121491797424,178.49996759178046
20,49,3.0,3.1154121502068612,178.49996765063003
20,16,5.0,3.132865909745224,179.49999440881442
21,0,5.0,0.013530313029930756,0.7752298321058975
21,16,5.0,0.015708881981829712,0.9000526384279469
21,1,5.0,0.32827985381729663,18.809050122902725
21,17,4.0,0.32827985421177464,18.80905014550465
21,33,3.0,0.3282798545931664,18.809050167356787
21,2,5.0,0.4917875736185766,28.177352385323708
21,18,4.0,0.491787574030835,28.177352408944373
21,34,3.0,0.49178757441773435,28.177352431112073
21,3,5.0,0.6571725709094963,37.65321472487596
21,19,4.0,0.6571725713170701,37.653214748228216
21,35,3.0,0.6571725717026806,37.65321477032207
21,36,3.0,0.8640218635166826,49.50480618653435
21,4,5.0,0.8640219798023732,49.50481284921364
21,20,4.0,0.8640219804440589,49.504812885979526
21,5,5.0,1.1041847119919006,63.26512380000425
21,21,4.0,1.1041847123852646,63.26512382254234
21,37,3.0,1.1041847127703464,63.2651238446059
21,6,5.0,1.3376809321787926,76.64347174897053
21,22,4.0,1.337680932564536,76.643471771072
21,38,3.0,1.337680932945911,76.64347179292318
21,23,4.0,1.5707963225726256,89.9999997580817
21,39,3.0,1.5707963225726218,89.99999975808147
21,7,5.0,1.570796322572626,89.99999975808171
21,8,5.0,1.803911712212837,103.35652772401352
21,24,4.0,1.803911712580731,103.3565277450923
21,40,3.0,1.8039117129529474,103.35652776641872
21,9,5.0,2.037407932399642,116.73487567297482
21,25,4.0,2.037407932760045,116.7348756936244
21,41,3.0,2.037407933128559,116.73487571473868
21,10,5.0,2.2775706647312135,130.49518663190395
21,26,4.0,2.2775706653128425,130.49518666522883
21,42,3.0,2.277570781628598,130.49519332963072
21,11,5.0,2.484420073481761,142.34678474808678
21,27,4.0,2.484420073828462,142.34678476795128
21,43,3.0,2.4844200741963043,142.34678478902708
21,12,5.0,2.649805070772551,151.8226470876316
21,28,4.0,2.649805071114753,151.8226471072383
21,44,3.0,2.6498050714812322,151.822647128236
21,13,5.0,2.8133127905744937,161.19094935009053
21,29,4.0,2.8133127909337197,161.19094937067266
21,45,3.0,2.813312791305728,161.19094939198717
21,30,4.0,3.1258837631634933,179.09994687773954
21,14,5.0,3.128062332114894,179.22476968403308
22,0,5.0,0.028234063151667512,1.6176926570963839
22,1,5.0,0.32509692714522526,18.626681858093413
22,16,5.0,0.32509692785801686,18.626681898933363
22,31,4.0,0.32509692856469286,18.626681939422916
22,2,5.0,0.48659835904825033,27.880032291456217
22,17,4.0,0.4865983597806911,27.880032333421983
22,32,4.0,0.48659836049470906,27.8800323743322
22,3,5.0,0.6488174780293626,37.174503165404495
22,18,4.0,0.6488174787764215,37.17450320820782
22,33,3.0,0.648817479500436,37.174503249690794
22,34,3.0,0.8602222965604623,49.28710703596556
22,4,5.0,0.8602225667266226,49.28712251534631
22,19,4.0,0.8602225678862363,49.28712258178729
22,5,5.0,1.1013620853176185,63.10339920442683
22,20,4.0,1.1013620860331343,63.10339924542287
22,35,3.0,1.101362086739418,63.10339928588994
22,6,5.0,1.3363611375117135,76.56785308472303
22,21,4.0,1.3363611382171725,76.56785312514285
22,36,3.0,1.3363611389182941,76.56785316531416
22,37,3.0,1.5707963189888414,89.99999955274599
22,22,4.0,1.5707963189888174,89.99999955274461
22,7,5.0,1.5707963189888412,89.99999955274598
22,8,5.0,1.8052314990725946,103.43214594093446
22,23,4.0,1.8052314997605234,103.43214598034987
22,38,3.0,1.805231500452781,103.4321460200133
22,9,5.0,2.040230551266637,116.89659982122764
22,24,4.0,2.040230551944608,116.89659986007251
22,39,3.0,2.04023055263169,116.89659989943941
22,10,5.0,2.2813700701196313,130.71287652531956
22,25,4.0,2.2813700712230816,130.7128765885426
22,40,3.0,2.281370341417221,130.71289206952645
22,11,5.0,2.492775158554353,142.82549586021904
22,26,4.0,2.4927751592016127,142.82549589730428
22,41,3.0,2.4927751598709267,142.82549593565315
22,12,5.0,2.654994277535769,152.11996673418471
22,27,4.0,2.654994278197223,152.11996677208325
22,42,3.0,2.654994278876497,152.11996681100277
22,13,5.0,2.8164957094389633,161.37331716755722
22,28,4.0,2.816495710119334,161.3733172065396
22,43,3.0,2.816495710806307,161.37331724590024
22,14,5.0,3.113358574825603,178.38230644837196
23,0,5.0,0.03979651059552714,2.2801720964713676
23,1,5.0,0.32539898314262,18.643988391920747
23,16,5.0,0.3253989836978717,18.643988423734324
23,31,4.0,0.3253989842512822,18.643988455442415
23,2,5.0,0.4781858682177069,27.398032071673576
23,17,4.0,0.4781858687913865,27.398032104542995
23,32,4.0,0.4781858693496221,27.398032136527537
23,3,5.0,0.6410061682054975,36.726948080027945
23,18,4.0,0.6410061687771468,36.72694811278104
23,33,3.0,0.6410061693322313,36.72694814458504
23,34,3.0,0.8559921878972976,49.0447396626845
23,4,5.0,0.8559924064147895,49.044752182814534
23,19,4.0,0.8559924073107164,49.04475223414736
23,5,5.0,1.0987080966739478,62.951336856268846
23,20,4.0,1.098708097224413,62.95133688780818
23,35,3.0,1.0987080977684704,62.95133691898038
23,6,5.0,1.3350576469188296,76.49316857511577
23,21,4.0,1.3350576474628768,76.49316860628738
23,36,3.0,1.3350576480037992,76.49316863727995
23,37,3.0,1.5707963207701297,89.99999965480629
23,22,4.0,1.5707963207695952,89.99999965477566
23,7,5.0,1.570796320770072,89.99999965480298
23,8,5.0,1.8065349935459627,103.50683067287707
23,23,4.0,1.8065349940772322,103.50683070331658
23,38,3.0,1.806534994611821,103.50683073394626
23,9,5.0,2.042884543790823,117.04866239172276
23,24,4.0,2.042884544315801,117.04866242180178
23,39,3.0,2.042884544847241,117.04866245225105
23,10,5.0,2.285600234252523,130.95524707678186
23,25,4.0,2.2856002351032423,130.9552471255245
23,40,3.0,2.2856004536431924,130.9552596469413
23,11,5.0,2.500586472259436,143.273051167973
23,26,4.0,2.5005864727634814,143.27305119685266
23,41,3.0,2.500586473283811,143.27305122666536
23,12,5.0,2.66340677224644,152.60196717628227
23,27,4.0,2.663406772749215,152.60196720508918
23,42,3.0,2.6634067732664755,152.60196723472603
23,13,5.0,2.816193657322051,161.35601085606515
23,28,4.0,2.816193657841221,161.3560108858114
23,43,3.0,2.816193658364336,161.35601091578368
23,14,5.0,3.1017961309422426,177.71982721299855
24,0,5.0,0.048636975255807235,2.786693410439972
24,1,5.0,0.3254137903635228,18.644836783184797
24,16,5.0,0.32541379724814035,18.644837177644323
24,31,4.0,0.3254138041291822,18.644837571898982
24,2,5.0,0.46943836632215785,26.896837131775925
24,17,4.0,0.4694383734362292,26.89683753938219
24,32,4.0,0.46943838035806895,26.896837935974393
24,3,5.0,0.6327461097270682,36.253681590682696
24,18,4.0,0.6327461168086171,36.25368199642556
24,33,3.0,0.6327461236940314,36.253682390930734
24,34,3.0,0.8513550581298949,48.77905169795784
24,4,5.0,0.8513575613630054,48.779195122650215
24,19,4.0,0.8513575724728143,48.779195759195375
24,5,5.0,1.0957597118923907,62.78240685190503
24,20,4.0,1.0957597187248762,62.78240724337761
24,35,3.0,1.0957597254756954,62.782407630171065
24,6,5.0,1.3336091197704607,76.41017408300411
24,21,4.0,1.3336091265202363,76.41017446973777
24,36,3.0,1.3336091332309772,76.4101748542349
24,37,3.0,1.5707962520583225,89.99999571790973
24,22,4.0,1.5707962520501901,89.99999571744378
24,7,5.0,1.5707962520562155,89.999995717789
24,8,5.0,1.8079833710050817,103.58981658842647
24,23,4.0,1.8079833775935108,103.58981696591566
24,38,3.0,1.807983384224109,103.58981734582096
24,9,5.0,2.0458327788838178,117.21758381956373
24,24,4.0,2.045832785390654,117.21758419237798
24,39,3.0,2.0458327919808545,117.21758456996865
24,10,5.0,2.2902349319359994,131.22079569336412
24,25,4.0,2.2902349424737767,131.22079629713429
24,40,3.0,2.2902374459905355,131.2209397380785
24,11,5.0,2.5088463810561397,143.7463090811871
24,26,4.0,2.508846387312451,143.74630943964735
24,41,3.0,2.5088463937673513,143.74630980948587
24,12,5.0,2.67215412444939,153.1031535394258
24,27,4.0,2.672154130685997,153.10315389675705
24,42,3.0,2.6721541371043536,153.1031542645018
24,13,5.0,2.816178700410457,161.35515388815625
24,28,4.0,2.816178706845308,161.35515425684605
24,43,3.0,2.8161787133240286,161.3551546280494
24,14,5.0,3.092955528803458,177.21329802209186
25,0,5.0,0.055681789160823204,3.1903315146524633
25,1,5.0,0.32543529052697906,18.64606865180968
25,16,5.0,0.32543529106149066,18.64606868243494
25,31,4.0,0.3254352915961883,18.646068713070857
25,2,5.0,0.4605183658096467,26.38575874915451
25,17,4.0,0.4605183663623794,26.385758780823757
25,32,4.0,0.4605183669002844,26.385758811643445
25,3,5.0,0.6243581116155023,35.77308470032626
25,18,4.0,0.6243581121654658,35.773084731836846
25,33,3.0,0.6243581127004418,35.77308476248872
25,34,3.0,0.8464443013108556,48.4976860580118
25,4,5.0,0.8464444965759109,48.49769724587536
25,19,4.0,0.8464444974404761,48.49769729541129
25,5,5.0,1.0925880224960913,62.600682435570675
25,20,4.0,1.0925880230277845,62.60068246603445
25,35,3.0,1.0925880235527823,62.60068249611461
25,6,5.0,1.3320549154710595,76.32112473614734
25,21,4.0,1.3320549159958994,76.32112476621845
25,36,3.0,1.332054916517601,76.32112479610974
25,37,3.0,1.570796320987615,89.99999966726728
25,22,4.0,1.5707963209869829,89.99999966723105
25,7,5.0,1.570796320987184,89.99999966724258
25,8,5.0,1.8095377254671998,103.67887453897318
25,23,4.0,1.8095377259790404,103.67887456829948
25,38,3.0,1.8095377264941575,103.6788745978135
25,9,5.0,2.0490046184423183,117.39931683955844
25,24,4.0,2.0490046189473308,117.39931686849353
25,39,3.0,2.0490046194591107,117.39931689781636
25,10,5.0,2.2951481445581976,131.50230204046647
25,25,4.0,2.2951481453767393,131.50230208736548
25,40,3.0,2.2951483406646767,131.50231327654006
25,11,5.0,2.5172345293238307,144.22691457485575
25,26,4.0,2.517234529810099,144.2269146027169
25,41,3.0,2.5172345303118164,144.2269146314632
25,12,5.0,2.6810742751283456,153.6142405259507
25,27,4.0,2.6810742756132693,153.6142405537348
25,42,3.0,2.6810742761120547,153.61424058231307
25,13,5.0,2.8161573504116664,161.35393062333296
25,28,4.0,2.816157350912115,161.35393065200654
25,43,3.0,2.816157351415493,161.35393068084798
25,14,5.0,3.085910852810131,176.8096678196371
26,0,5.0,0.06154395471086482,3.526208859476835
26,1,5.0,0.3253585930171215,18.641674208195678
26,16,5.0,0.32535859375173953,18.641674250286194
26,31,4.0,0.325358594486487,18.64167429238412
26,2,5.0,0.4515472035741609,25.87174901573402
26,17,4.0,0.4515472043342063,25.871749059281417
26,32,4.0,0.45154720507399715,25.871749101668307
26,3,5.0,0.615923967223186,35.289843822842606
26,18,4.0,0.615923967979503,35.28984386617638
26,33,3.0,0.615923968715215,35.28984390832957
26,34,3.0,0.8413308954714563,48.20470948447667
26,4,5.0,0.8413311582767719,48.20472454211209
26,19,4.0,0.8413311594666552,48.20472461028738
26,5,5.0,1.0892473669748606,62.40927697339708
26,20,4.0,1.0892473677066574,62.40927701532595
26,35,3.0,1.0892473684289454,62.40927705671
26,6,5.0,1.3304135309819498,76.22708033236312
26,21,4.0,1.3304135317041244,76.22708037374066
26,36,3.0,1.3304135324217778,76.22708041485919
26,37,3.0,1.5707963188092269,89.99999954245483
26,22,4.0,1.5707963188083116,89.99999954240239
26,7,5.0,1.5707963188085676,89.99999954241706
26,8,5.0,1.8111791052104862,103.77291867084175
26,23,4.0,1.811179105913905,103.77291871114468
26,38,3.0,1.8111791066220113,103.77291875171618
26,9,5.0,2.0523452692177853,117.5907220298198
26,24,4.0,2.0523452699116147,117.5907220695733
26,39,3.0,2.0523452706150476,117.59072210987703
26,10,5.0,2.30026147818492,131.79527447652
26,25,4.0,2.300261479309564,131.79527454095734
26,40,3.0,2.3002617421474314,131.79528960045786
26,11,5.0,2.525668668970867,144.7101551804549
26,26,4.0,2.525668669639426,144.71015521876052
26,41,3.0,2.525668670329278,144.7101552582861
26,12,5.0,2.6900454326177177,154.1282499874389
26,27,4.0,2.6900454332847077,154.1282500256546
26,42,3.0,2.690045433970548,154.12825006495038
26,13,5.0,2.8162340431760566,161.35832479505171
26,28,4.0,2.8162340438646027,161.3583248345025
26,43,3.0,2.8162340445568788,161.35832487416698
26,14,5.0,3.0800486829026745,176.47379022515125
27,0,5.0,0.06645186231481078,3.8074112514231024
27,1,5.0,0.32520868223499194,18.63308495307615
27,16,5.0,0.3252086829612516,18.633084994687763
27,31,4.0,0.32520868368828043,18.63308503634345
27,2,5.0,0.4425155759850194,25.354274872742298
27,17,4.0,0.44251557673680725,25.354274915816568
27,32,4.0,0.44251557746874437,25.35427495775348
27,3,5.0,0.6075239770830325,34.80855983986031
27,18,4.0,0.607523977831284,34.80855988273196
27,33,3.0,0.6075239785590232,34.808559924428344
27,34,3.0,0.8360443266548516,47.90181140317975
27,4,5.0,0.8360445800448244,47.901825921355766
27,19,4.0,0.8360445812230456,47.90182598886287
27,5,5.0,1.0857816000112115,62.210703153604115
27,20,4.0,1.0857816007356846,62.21070319511337
27,35,3.0,1.0857816014504706,62.210703236067594
27,6,5.0,1.3286998644180126,76.12889447075682
27,21,4.0,1.3286998651326982,76.1288945117053
27,36,3.0,1.3286998658427944,76.12889455239082
27,37,3.0,1.5707963188960143,89.99999954742738
27,22,4.0,1.570796318895092,89.99999954737454
27,7,5.0,1.570796318895344,89.99999954738898
27,8,5.0,1.8128927719634091,103.87110454327612
27,23,4.0,1.8128927726589075,103.87110458312524
27,38,3.0,1.812892773359162,103.87110462324686
27,9,5.0,2.055811036370383,117.78929586043873
27,24,4.0,2.0558110370561637,117.78929589973107
27,39,3.0,2.0558110377516994,117.78929593958233
27,10,5.0,2.3055480566026563,132.09817310792124
27,25,4.0,2.305548057714331,132.0981731716155
27,40,3.0,2.3055483111376165,132.0981876917002
27,11,5.0,2.5340686592998236,145.1914391742548
27,26,4.0,2.534068659961187,145.19143921214817
27,41,3.0,2.5340686606436207,145.1914392512487
27,12,5.0,2.6990770603958762,154.6457241412605
27,27,4.0,2.699077061055638,154.64572417906206
27,42,3.0,2.699077061733928,154.64572421792522
27,13,5.0,2.8163839541470637,161.3669140609931
27,28,4.0,2.8163839548286718,161.3669141000464
27,43,3.0,2.8163839555129964,161.3669141392553
27,14,5.0,3.0751407754734297,176.19258784321462
28,0,5.0,0.0706723548420378,4.049227660699714
28,1,5.0,0.32505604823754464,18.62433966921221
28,16,5.0,0.3250560484501765,18.624339681395117
28,31,4.0,0.32505604866318943,18.62433969359986
28,2,5.0,0.43342210568467804,24.833257403405177
28,17,4.0,0.4334221059050496,24.833257416031536
28,32,4.0,0.4334221061196554,24.833257428327546
28,3,5.0,0.5991886590292951,34.33098129448195
28,18,4.0,0.5991886592486723,34.33098130705134
28,33,3.0,0.599188659461997,34.330981319273945
28,34,3.0,0.830655254227853,47.59304029762241
28,4,5.0,0.8306553273934792,47.593044489704
28,19,4.0,0.830655327739096,47.59304450950638
28,5,5.0,1.082210240731272,62.0060793397387
28,20,4.0,1.0822102409437786,62.00607935191444
28,35,3.0,1.0822102411533705,62.00607936392316
28,6,5.0,1.3269249586110576,76.02719985898504
28,21,4.0,1.3269249588205962,76.02719987099073
28,36,3.0,1.326924959028766,76.02719988291797
28,37,3.0,1.5707963244800025,89.99999986736634
28,22,4.0,1.570796324479735,89.99999986735101
28,7,5.0,1.5707963244798622,89.9999998673583
28,8,5.0,1.814667689935557,103.97279985206211
28,23,4.0,1.8146676901392917,103.97279986373525
28,38,3.0,1.814667690344465,103.97279987549081
28,9,5.0,2.0593824078153773,117.99392037131044
28,24,4.0,2.059382408016177,117.99392038281542
28,39,3.0,2.0593824082199244,117.99392039448928
28,10,5.0,2.3109373212310143,132.4069552258053
28,25,4.0,2.310937321556618,132.406955244461
28,40,3.0,2.3109373947322793,132.40695943711756
28,11,5.0,2.54240398951765,145.66901841658412
28,26,4.0,2.5424039897114437,145.6690184276877
28,41,3.0,2.5424039899114304,145.6690184391461
28,12,5.0,2.7081705428617497,155.16674230763127
28,27,4.0,2.708170543055064,155.16674231870738
28,42,3.0,2.7081705432537695,155.16674233009235
28,13,5.0,2.8165366003091865,161.37566004184163
28,28,4.0,2.816536600509195,161.37566005330126
28,43,3.0,2.816536600709726,161.37566006479085
28,14,5.0,3.070920294116975,175.9507720739761
29,0,5.0,0.07428406821585994,4.256163593830678
29,1,5.0,0.3248612504609623,18.61317857875551
29,16,5.0,0.3248612505741354,18.61317858523985
29,31,4.0,0.3248612506874732,18.613178591733625
29,2,5.0,0.42429063877887124,24.310062888939065
29,17,4.0,0.424290638896312,24.310062895667926
29,32,4.0,0.4242906390106979,24.310062902221752
29,3,5.0,0.5909017579243326,33.85617683592531
29,18,4.0,0.5909017580412251,33.85617684262275
29,33,3.0,0.5909017581548823,33.85617684913483
29,34,3.0,0.8252067659215271,47.28086491294355
29,4,5.0,0.8252068038918718,47.28086708848405
29,19,4.0,0.8252068040760685,47.28086709903774
29,5,5.0,1.0785237838893065,61.794860921336955
29,20,4.0,1.0785237840026491,61.79486092783101
29,35,3.0,1.0785237841143704,61.79486093423217
29,6,5.0,1.3250920973648463,75.92218464514404
29,21,4.0,1.3250920974765286,75.92218465154296
29,36,3.0,1.3250920975874456,75.92218465789804
29,37,3.0,1.5707963255618325,89.99999992935064
29,22,4.0,1.5707963255617061,89.99999992934339
29,7,5.0,1.5707963255617945,89.99999992934846
29,8,5.0,1.8165005535386465,104.07781520094228
29,23,4.0,1.8165005536470848,104.07781520715534
29,38,3.0,1.8165005537563357,104.07781521341495
29,9,5.0,2.0630688670141955,118.2051389247499
29,24,4.0,2.0630688671209967,118.20513893086915
29,39,3.0,2.063068867229443,118.20513893708267
29,10,5.0,2.3163858470530774,132.71913275997755
29,25,4.0,2.3163858472263965,132.71913276990801
29,40,3.0,2.3163858852022003,132.71913494576128
29,11,5.0,2.550690892979294,146.1438230101687
29,26,4.0,2.5506908930824923,146.1438230160815
29,41,3.0,2.5506908931889947,146.14382302218365
29,12,5.0,2.717302012124465,155.68993695713831
29,27,4.0,2.717302012227383,155.68993696303508
29,42,3.0,2.717302012333168,155.6899369690961
29,13,5.0,2.816731400442561,161.38682126733258
29,28,4.0,2.816731400549214,161.38682127344333
29,43,3.0,2.816731400656124,161.38682127956884
29,14,5.0,3.0673085829072995,175.74383626484163
30,0,5.0,0.07737664960093393,4.43335545499614
30,1,5.0,0.324643922219968,18.600726587777533
30,16,5.0,0.3246439227648856,18.600726618999012
30,31,4.0,0.3246439233105246,18.600726650261823
30,2,5.0,0.4151122535736298,23.784180153933413
30,17,4.0,0.415112254139931,23.784180186380084
30,32,4.0,0.41511225469178287,23.784180217998863
30,3,5.0,0.5826861173517067,33.385455305117404
30,18,4.0,0.582686117915324,33.38545533741029
30,33,3.0,0.5826861184634079,33.38545536881318
30,34,3.0,0.8196840581862428,46.96443706822751
30,4,5.0,0.81968423369555,46.96444712417008
30,19,4.0,0.8196842345841708,46.9644471750843
30,5,5.0,1.0747779235980672,61.5802389360033
30,20,4.0,1.074777924144763,61.58023896732666
30,35,3.0,1.0747779246835416,61.5802389981964
30,6,5.0,1.323201923553188,75.81388566318986
30,21,4.0,1.3232019240917798,75.8138856940489
30,36,3.0,1.3232019246266937,75.81388572469722
30,37,3.0,1.57079632085008,89.9999996593871
30,22,4.0,1.5707963208495048,89.99999965935415
30,7,5.0,1.570796320850118,89.99999965938929
30,8,5.0,1.8183907170856284,104.18611359477381
30,23,4.0,1.8183907176081824,104.18611362471395
30,38,3.0,1.8183907181346992,104.18611365488115
30,9,5.0,2.0668147170407316,118.41976032195939
30,24,4.0,2.066814717555344,118.41976035144451
30,39,3.0,2.0668147180779983,118.41976038139039
30,10,5.0,2.321908407143109,133.03555214524377
30,25,4.0,2.321908407977815,133.0355521930689
30,40,3.0,2.3219085835141873,133.03556225056218
30,11,5.0,2.5589065232875723,146.6145439528728
30,26,4.0,2.5589065237850668,146.61454398137712
30,41,3.0,2.5589065242984086,146.61454401078944
30,12,5.0,2.7264803870640755,156.21581910396662
30,27,4.0,2.726480387560208,156.2158191323929
30,42,3.0,2.726480388069929,156.21581916159778
30,13,5.0,2.816948718418911,161.39927267018976
30,28,4.0,2.8169487189338964,161.39927269969624
30,43,3.0,2.8169487194499423,161.3992727292635
30,14,5.0,3.0642159920968295,175.56664386364073
31,0,5.0,0.08014134689996655,4.591760941861927
31,1,5.0,0.3244997481087254,18.59246601968828
31,16,5.0,0.32449974824562733,18.592466027532186
31,31,4.0,0.32449974838271345,18.592466035386643
31,2,5.0,0.40586403262593335,23.254296125625928
31,17,4.0,0.4058640327683595,23.254296133786344
31,32,4.0,0.4058640329073563,23.254296141750274
31,3,5.0,0.5745204479510619,32.91759691156133
31,18,4.0,0.5745204480930544,32.9175969196969
31,33,3.0,0.5745204482310885,32.91759692760567
31,34,3.0,0.814168215828634,46.648402580677036
31,4,5.0,0.8141682594804261,46.64840508174049
31,19,4.0,0.8141682597042309,46.648405094563564
31,5,5.0,1.071012095188446,61.36447286176154
31,20,4.0,1.0710120953261262,61.36447286965003
31,35,3.0,1.0710120954617788,61.36447287742235
31,6,5.0,1.321279788226752,75.70375542133209
31,21,4.0,1.3212797883623406,75.70375542910074
31,36,3.0,1.321279788497003,75.70375543681632
31,37,3.0,1.5707963252986674,89.99999991427238
31,22,4.0,1.5707963252985564,89.99999991426603
31,7,5.0,1.570796325298698,89.99999991427414
31,8,5.0,1.8203128621034685,104.29624439190816
31,23,4.0,1.8203128622349574,104.29624439944192
31,38,3.0,1.8203128623674423,104.29624440703275
31,9,5.0,2.070580555141763,118.63552695147804
31,24,4.0,2.070580555271205,118.63552695889453
31,39,3.0,2.070580555402698,118.63552696642853
31,10,5.0,2.3274243909000574,133.3515947343796
31,25,4.0,2.327424391110041,133.3515947464108
31,40,3.0,2.3274244347687563,133.3515972478709
31,11,5.0,2.5670722023792405,147.0824029016836
31,26,4.0,2.567072202504332,147.0824029088508
31,41,3.0,2.5670722026334496,147.08240291624872
31,12,5.0,2.7357286177039293,156.74570368759382
31,27,4.0,2.7357286178289417,156.7457036947565
31,42,3.0,2.7357286179571503,156.7457037021023
31,13,5.0,2.8170929022215105,161.40753379355286
31,28,4.0,2.8170929023513995,161.40753380099494
31,43,3.0,2.8170929024814946,161.40753380844885
31,14,5.0,3.061451303696791,175.40823888664977
32,0,5.0,0.08263501469908704,4.734637582259208
32,1,5.0,0.32449158520105253,18.591998319530074
32,16,5.0,0.32449158532379,18.59199832656241
32,31,4.0,0.324491585446307,18.59199833358212
32,2,5.0,0.39644005463865206,22.71434196073052
32,17,4.0,0.39644005476639244,22.714341968049503
32,32,4.0,0.39644005489126777,22.71434197520433
32,3,5.0,0.5665296952891914,32.45976050890322
32,18,4.0,0.5665296954165308,32.45976051619923
32,33,3.0,0.5665296955403383,32.45976052329288
32,34,3.0,0.8086516593569264,46.33232717740261
32,4,5.0,0.8086516959749656,46.33232927546171
32,19,4.0,0.8086516961756597,46.332329286960636
32,5,5.0,1.0672480275406468,61.14880767174091
32,20,4.0,1.0672480276641876,61.148807678819274
32,35,3.0,1.0672480277858587,61.148807685790516
32,6,5.0,1.319345565549406,75.59293262528166
32,21,4.0,1.3193455656710107,75.5929326322491
32,36,3.0,1.3193455657917692,75.59293263916805
32,37,3.0,1.5707963254533408,89.99999992313451
32,22,4.0,1.5707963254532782,89.99999992313093
32,7,5.0,1.5707963254533668,89.999999923136
32,8,5.0,1.822247085117791,104.40706720726591
32,23,4.0,1.8222470852356496,104.40706721401871
32,38,3.0,1.8222470853543997,104.4070672208226
32,9,5.0,2.074344623126548,118.85119216080655
32,24,4.0,2.074344623242497,118.85119216744994
32,39,3.0,2.0743446233603327,118.85119217420142
32,10,5.0,2.332940954737436,133.6676705596759
32,25,4.0,2.332940954925408,133.6676705704459
32,40,3.0,2.3329409915497887,133.66767266886833
32,11,5.0,2.5750629553780526,147.54023932364706
32,26,4.0,2.575062955490188,147.54023933007193
32,41,3.0,2.575062955605898,147.54023933670163
32,12,5.0,2.7451525960282397,157.28565787179957
32,27,4.0,2.7451525961402594,157.28565787821782
32,42,3.0,2.745152596254955,157.2856578847894
32,13,5.0,2.817101065466159,161.40800151301832
32,28,4.0,2.817101065582633,161.40800151969182
32,43,3.0,2.8171010656996356,161.40800152639557
32,14,5.0,3.058957636207107,175.2653622639819
33,0,5.0,0.08497368107979905,4.868633295563141
33,1,5.0,0.32467731314998616,18.60263974714159
33,16,5.0,0.32467731393285393,18.60263979199661
33,31,4.0,0.3246773147131302,18.602639836703148
33,2,5.0,0.3867990947457379,22.161955648411638
33,17,4.0,0.3867990955605394,22.161955695096324
33,32,4.0,0.3867990963590832,22.161955740849514
33,3,5.0,0.5587586179459122,32.014510574863586
33,18,4.0,0.558758618759043,32.01451062145255
33,33,3.0,0.558758619549565,32.014510666746126
33,34,3.0,0.8031943289997062,46.01964518052527
33,4,5.0,0.8031945610316116,46.01965847497416
33,19,4.0,0.8031945623136847,46.019658548431536
33,5,5.0,1.0634621700293254,60.931894014504294
33,20,4.0,1.063462170818697,60.93189405973196
33,35,3.0,1.06346217159587,60.93189410426069
33,6,5.0,1.3174041293437644,75.48169652450451
33,21,4.0,1.3174041301203674,75.48169656900059
33,36,3.0,1.3174041308915208,75.48169661318441
33,37,3.0,1.5707963182297122,89.99999950925108
33,22,4.0,1.5707963182293871,89.99999950923247
33,7,5.0,1.5707963182298554,89.9999995092593
33,8,5.0,1.824188505586664,104.51830240639264
33,23,4.0,1.8241885063389618,104.51830244949613
33,38,3.0,1.824188507096936,104.51830249292485
33,9,5.0,2.0781304649011703,119.06810491639672
33,24,4.0,2.0781304656407893,119.06810495877376
33,39,3.0,2.078130466392727,119.06810500185662
33,10,5.0,2.3383980741873276,133.98034047245343
33,25,4.0,2.338398075386876,133.9803405411825
33,40,3.0,2.338398307459887,133.98035383798657
33,11,5.0,2.582834016984951,147.98548835605845
33,26,4.0,2.5828340177006446,147.9854883970647
33,41,3.0,2.582834018439278,147.98548843938528
33,12,5.0,2.7547935401829746,157.8380432823872
33,27,4.0,2.7547935408987607,157.83804332339872
33,42,3.0,2.7547935416297515,157.8380433652814
33,13,5.0,2.8169153217802494,161.3973591837445
33,28,4.0,2.816915322525026,161.39735922641708
33,43,3.0,2.816915323273896,161.39735926932414
33,14,5.0,3.0566189553768903,175.13136572278233
34,0,5.0,0.0873428205805844,5.004374990035873
34,1,5.0,0.32520820927051414,18.633057854207713
34,16,5.0,0.325208209464809,18.63305786533999
34,31,4.0,0.3252082096577493,18.633057876394655
34,2,5.0,0.3768069386982376,21.58944727865375
34,17,4.0,0.37680693890002237,21.589447290215166
34,32,4.0,0.3768069390989745,21.589447301614282
34,3,5.0,0.5513662353731371,31.590958252897515
34,18,4.0,0.5513662355751765,31.59095826447352
34,33,3.0,0.5513662357715056,31.590958275722347
34,34,3.0,0.7978410646296346,45.7129257255024
34,4,5.0,0.7978411207912446,45.71292894332563
34,19,4.0,0.7978411211098773,45.71292896158194
34,5,5.0,1.059715277901001,60.71721290926052
34,20,4.0,1.0597152780972523,60.717212920504885
34,35,3.0,1.059715278290398,60.71721293157132
34,6,5.0,1.31547109768108,75.37094196856754
34,21,4.0,1.3154710978740636,75.37094197962469
34,36,3.0,1.315471098065668,75.37094199060282
34,37,3.0,1.5707963246675865,89.99999987811411
34,22,4.0,1.5707963246675176,89.99999987811016
34,7,5.0,1.5707963246676382,89.99999987811707
34,8,5.0,1.8261215512743088,104.62905776590065
34,23,4.0,1.8261215514611022,104.62905777660313
34,38,3.0,1.826121551649332,104.62905778738791
34,9,5.0,2.0818773710543756,119.28278682520698
34,24,4.0,2.0818773712379426,119.2827868357246
34,39,3.0,2.0818773714246324,119.28278684642113
34,10,5.0,2.343751528235806,134.28707079524847
34,25,4.0,2.343751528533554,134.28707081230817
34,40,3.0,2.3437515847055717,134.28707403072772
34,11,5.0,2.5902264135822133,148.40904148156847
34,26,4.0,2.590226413760046,148.40904149175753
34,41,3.0,2.5902264139435713,148.40904150227277
34,12,5.0,2.7647857102571214,158.41055245581273
34,27,4.0,2.7647857104351283,158.41055246601178
34,42,3.0,2.7647857106158518,158.41055247636646
34,13,5.0,2.816384439684956,161.36694188026516
34,28,4.0,2.8163844398700424,161.3669418908698
34,43,3.0,2.816384440056684,161.3669419015636
34,14,5.0,3.054249828754076,174.995624766163
35,0,5.0,0.08968533468461896,5.138591161646922
35,1,5.0,0.3264791514576189,18.705877477533942
35,16,5.0,0.3264791514717622,18.705877478344295
35,31,4.0,0.3264791514858271,18.705877479150153
35,2,5.0,0.36616573909016586,20.97975145215497
35,17,4.0,0.36616573910492584,20.979751453000656
35,32,4.0,0.36616573911954053,20.979751453838016
35,3,5.0,0.5446952052081713,31.208736379440513
35,18,4.0,0.544695205222929,31.20873638028607
35,33,3.0,0.5446952052372643,31.20873638110742
35,34,3.0,0.7927913913345148,45.42360075777213
35,4,5.0,0.7927913955581,45.423600999765725
35,19,4.0,0.7927913955814215,45.42360100110196
35,5,5.0,1.0561137629244977,60.51086130125371
35,20,4.0,1.0561137629388564,60.51086130207641
35,35,3.0,1.056113762952982,60.51086130288574
35,6,5.0,1.3136202832318629,75.26489811196556
35,21,4.0,1.3136202832459745,75.2648981127741
35,36,3.0,1.3136202832599841,75.26489811357679
35,37,3.0,1.5707963266393974,89.99999999109055
35,22,4.0,1.570796326639392,89.99999999109025
35,7,5.0,1.5707963266394038,89.99999999109092
35,8,5.0,1.8279723700191726,104.73510186862505
35,23,4.0,1.8279723700328205,104.73510186940702
35,38,3.0,1.8279723700465749,104.73510187019508
35,9,5.0,2.0854788903265358,119.48913867933679
35,24,4.0,2.0854788903399406,119.48913868010483
35,39,3.0,2.085478890353579,119.48913868088626
35,10,5.0,2.348801257698155,134.57639898112396
35,25,4.0,2.348801257719921,134.57639898237105
35,40,3.0,2.348801261944282,134.5763992244091
35,11,5.0,2.596897448042854,148.79126360114952
35,26,4.0,2.596897448055869,148.79126360189522
35,41,3.0,2.5968974480692992,148.7912636026647
35,12,5.0,2.775426914160834,159.0202485284336
35,27,4.0,2.775426914173862,159.02024852918004
35,42,3.0,2.775426914187017,159.02024852993378
35,13,5.0,2.815113501793422,161.294122503057
35,28,4.0,2.8151135018070144,161.29412250383578
35,43,3.0,2.815113501820706,161.29412250462025
35,14,5.0,3.051907318594149,174.86140882053266
36,0,5.0,0.0919669639296483,5.269318887800724
36,1,5.0,0.3277961052335577,18.781333370709053
36,16,5.0,0.3277961055493377,18.78133338880191
36,31,4.0,0.32779610586397717,18.78133340682943
36,2,5.0,0.35536114597280904,20.36069386717433
36,17,4.0,0.35536114630632354,20.3606938862833
36,32,4.0,0.35536114663546226,20.360693905141563
36,3,5.0,0.538242995275823,30.839051981784564
36,18,4.0,0.5382429956076087,30.839052000794485
36,33,3.0,0.5382429959295799,30.83905201924208
36,34,3.0,0.787804859757966,45.13789354402716
36,4,5.0,0.7878049510588373,45.13789877518175
36,19,4.0,0.7878049515824145,45.13789880518051
36,5,5.0,1.0525155261333206,60.30469751943057
36,20,4.0,1.0525155264561112,60.304697537925115
36,35,3.0,1.0525155267734998,60.30469755611014
36,6,5.0,1.311769283418374,75.15884363477316
36,21,4.0,1.3117692837354478,75.15884365294013
36,36,3.0,1.3117692840501274,75.15884367096996
36,37,3.0,1.570796323303232,89.99999979994236
36,22,4.0,1.5707963233031557,89.99999979993798
36,7,5.0,1.5707963233033706,89.9999997999503
36,8,5.0,1.829823362564705,104.84115592939423
36,23,4.0,1.8298233628710203,104.84115594694481
36,38,3.0,1.8298233631798178,104.8411559646376
36,9,5.0,2.089077119849709,119.69530204473398
36,24,4.0,2.089077120150399,119.69530206196225
36,39,3.0,2.0890771204564893,119.69530207949992
36,10,5.0,2.353787695041677,134.86210079571418
36,25,4.0,2.353787695530116,134.86210082369965
36,40,3.0,2.35378778684854,134.86210605585998
36,11,5.0,2.603349650707148,149.16094758237662
36,26,4.0,2.603349650998918,149.16094759909382
36,41,3.0,2.603349651300466,149.16094761637126
36,12,5.0,2.786231500009543,159.6393056969514
36,27,4.0,2.7862315002998557,159.6393057135851
36,42,3.0,2.786231500594209,159.6393057304503
36,13,5.0,2.8137965407501797,161.21866619349606
36,28,4.0,2.8137965410567274,161.21866621105994
36,43,3.0,2.8137965413652246,161.21866622873554
36,14,5.0,3.049625682676605,174.73068071207192
37,0,5.0,0.09845512266456634,5.641063000122467
37,1,5.0,0.3247676707636177,18.60781685704955
37,16,5.0,0.3247676744155482,18.60781706628976
37,31,4.0,0.34214327890815927,19.60336587020492
37,2,5.0,0.3445791885220012,19.742933210353407
37,17,4.0,0.34457919224446293,19.742933423634753
37,3,5.0,0.5313465691099021,30.44391586875371
37,18,4.0,0.5313465714590376,30.443916003349262
37,32,4.0,0.5313465737464579,30.443916134408788
37,33,3.0,0.7817569832060384,44.79137574258557
37,4,5.0,0.7817575960553484,44.79141085626452
37,19,4.0,0.781757599771222,44.79141106916839
37,5,5.0,1.0484321842313429,60.070739262138325
37,20,4.0,1.0484321865312356,60.070739393912476
37,34,3.0,1.0484321887902053,60.0707395233419
37,6,5.0,1.3096438312507206,75.03706419600968
37,21,4.0,1.3096438335089429,75.03706432539629
37,35,3.0,1.3096438357502913,75.03706445381609
37,22,4.0,1.5707963033495955,89.9999986566832
37,36,3.0,1.5707963033494463,89.99999865667465
37,7,5.0,1.570796303351431,89.99999865678836
37,8,5.0,1.8319487710038092,104.96293286269639
37,23,4.0,1.8319487731902573,104.96293298797063
37,37,3.0,1.8319487753945018,104.96293311426454
37,9,5.0,2.0931604180225043,119.92925779652863
37,24,4.0,2.0931604201679184,119.9292579194518
37,38,3.0,2.0931604223546456,119.92925804474204
37,10,5.0,2.3598350070541763,135.20858625142915
37,25,4.0,2.359835010519047,135.2085864499516
37,39,3.0,2.359835623492762,135.20862157075845
37,11,5.0,2.6102460331452595,149.55608118998856
37,26,4.0,2.6102460352415187,149.55608131009535
37,40,3.0,2.6102460373989445,149.55608143370677
37,12,5.0,2.7970134145704795,160.25706389636372
37,27,4.0,2.797013418051905,160.2570640958347
37,41,3.0,2.7994493277941084,160.39663144333775
37,13,5.0,2.8168249323333083,161.39218024992226
37,28,4.0,2.816824935880867,161.39218045318242
37,14,5.0,3.0431374840280556,174.35893431286755
38,0,5.0,0.12285225468767533,7.03891569727008
38,1,5.0,0.33311252384147394,19.08594171906747
38,14,5.0,0.33311252817419573,19.08594196731414
38,27,4.0,0.3421414574503024,19.603261508357164
38,2,5.0,0.5298601158652612,30.358748371392256
38,15,5.0,0.5298601185569722,30.35874852561594
38,28,4.0,0.5298601212445442,30.35874867960247
38,29,4.0,0.7812548058402631,44.76260309895965
38,3,5.0,0.781273341202893,44.7636650970101
38,16,5.0,0.7812733455328551,44.763665345098644
38,4,5.0,1.04771527908276,60.029663622813324
38,17,4.0,1.0477152817701278,60.02966377678816
38,30,4.0,1.047715284454521,60.02966393059256
38,5,5.0,1.3093592419097477,75.02075842787752
38,18,4.0,1.3093592445939537,75.0207585816712
38,31,4.0,1.3093592472763622,75.02075873536188
38,32,4.0,1.5707963003076346,89.99999848239167
38,19,4.0,1.5707963003077217,89.99999848239666
38,6,5.0,1.5707963003054923,89.99999848226894
38,7,5.0,1.8322333533419093,104.97923822959349
38,20,4.0,1.8322333560209016,104.97923838308844
38,33,3.0,1.832233358700633,104.97923853662574
38,8,5.0,2.0938773161686193,119.97033303464177
38,21,4.0,2.09387731884438,119.97033318795158
38,34,3.0,2.093877321522378,119.97033334138956
38,9,5.0,2.3603192550894123,135.23633162008568
38,22,4.0,2.3603192594089712,135.23633186757817
38,35,3.0,2.3603377947750026,135.2373938658235
38,10,5.0,2.6117324793893895,149.6412482862503
38,23,4.0,2.6117324820580343,149.64124843915238
38,36,3.0,2.6117324847324994,149.64124859238794
38,37,3.0,2.7994511431649594,160.39673545642577
38,11,5.0,2.808480072452046,160.9140549980979
38,24,4.0,2.808480076768758,160.91405524542728
38,12,5.0,3.0187403458487525,172.961081262996
39,0,5.0,0.13889499254348084,7.9580968682424915
39,1,5.0,0.32631432784539377,18.69643378018934
39,14,5.0,0.3263143298774811,18.696433896619368
39,27,4.0,0.3387765927423544,19.41046896195922
39,2,5.0,0.5247442083302323,30.065628461255926
39,15,5.0,0.5247442095908709,30.065628533485196
39,28,4.0,0.5247442108478709,30.065628605505992
39,29,4.0,0.7754428263258409,44.42960120216677
39,3,5.0,0.775447935672367,44.429893946158785
39,16,5.0,0.7754479377020772,44.42989406245261
39,4,5.0,1.0435630520549748,59.79175853854109
39,17,4.0,1.0435630533129503,59.79175861061778
39,30,4.0,1.0435630545695629,59.79175868261637
39,5,5.0,1.3070351985872828,74.88760055409472
39,18,4.0,1.3070351998439964,74.88760062609911
39,31,4.0,1.307035201099901,74.88760069805714
39,32,4.0,1.5707963143955506,89.9999992895698
39,19,4.0,1.5707963143954828,89.99999928956592
39,6,5.0,1.57079631439533,89.99999928955717
39,7,5.0,1.834557427693544,105.11239788121676
39,20,4.0,1.834557428946958,105.11239795303209
39,33,3.0,1.834557430201304,105.11239802490083
39,8,5.0,2.098029574225962,120.20823989677669
39,21,4.0,2.0980295754779665,120.20823996851128
39,34,3.0,2.0980295767314967,120.20824004033327
39,9,5.0,2.366144691093987,135.57010451697138
39,22,4.0,2.3661446931141854,135.57010463272022
39,35,3.0,2.366149802465,135.5703973769579
39,10,5.0,2.6168484179520206,149.93436997413727
39,23,4.0,2.6168484192012325,149.93437004571183
39,36,3.0,2.616848420453719,149.93437011747403
39,37,3.0,2.8028160360483807,160.58952961715943
39,11,5.0,2.8152782989233383,161.30356468307704
39,24,4.0,2.8152783009417353,161.30356479872268
39,12,5.0,3.002697636235926,172.04190171022708
40,0,5.0,0.15752424547676383,9.025474436801316
40,1,5.0,0.3219049260635538,18.443793667912445
40,14,5.0,0.32190492918063657,18.443793846508132
40,27,4.0,0.33708703673290524,19.313664533366822
40,2,5.0,0.5191435079677813,29.744731968170093
40,15,5.0,0.5191435098994981,29.744732078849314
40,28,4.0,0.5191435118251729,29.744732189182354
40,29,4.0,0.770360991410997,44.13843350936399
40,3,5.0,0.7703682017088821,44.13884662900184
40,16,5.0,0.7703682048191167,44.138846807205155
40,4,5.0,1.040098866508661,59.59327532728709
40,17,4.0,1.04009886843649,59.59327543774355
40,30,4.0,1.0400988703618315,59.59327554805749
40,5,5.0,1.3049623324588373,74.76883407343918
40,18,4.0,1.3049623343843861,74.768834183765
40,31,4.0,1.3049623363087077,74.76883429402051
40,32,4.0,1.5707963077978027,89.9999989115467
40,19,4.0,1.5707963077980833,89.99999891156278
40,6,5.0,1.5707963077990128,89.99999891161603
40,7,5.0,1.8366302792917992,105.23116352935374
40,20,4.0,1.8366302812118573,105.23116363936496
40,33,3.0,1.836630283133493,105.23116374946657
40,8,5.0,2.101493745242268,120.40672227552258
40,21,4.0,2.1014937471598696,120.40672238539305
40,34,3.0,2.1014937490803334,120.40672249542753
40,9,5.0,2.371224410786164,135.8611510164426
40,22,4.0,2.3712244138801095,135.86115119371263
40,35,3.0,2.3712316241849623,135.86156431374968
40,10,5.0,2.6224491037852147,150.255265634758
40,23,4.0,2.6224491056982218,150.25526574436523
40,36,3.0,2.6224491076169754,150.2552658543017
40,37,3.0,2.8045055788633624,160.68633328976452
40,11,5.0,2.8196876864362244,161.5562039778031
40,24,4.0,2.8196876895253946,161.55620415479953
40,12,5.0,2.9840683700985986,170.97452338513224
